/*
Navicat MySQL Data Transfer

Source Server         : 本地
Source Server Version : 50717
Source Host           : localhost:3306
Source Database       : pcenter

Target Server Type    : MYSQL
Target Server Version : 50717
File Encoding         : 65001

Date: 2018-05-29 18:25:18
*/

SET FOREIGN_KEY_CHECKS=0;

-- ----------------------------
-- Table structure for logs
-- ----------------------------
DROP TABLE IF EXISTS `logs`;
CREATE TABLE `logs` (
  `gid` bigint(22) NOT NULL AUTO_INCREMENT,
  `url` varchar(64) DEFAULT NULL COMMENT '请求地址',
  `method` varchar(16) DEFAULT NULL COMMENT '请求方式',
  `ip` varchar(64) DEFAULT NULL COMMENT '请求ip',
  `class_method` varchar(128) DEFAULT NULL COMMENT '请求方法',
  `args` varchar(256) DEFAULT NULL COMMENT '请求参数和参数值',
  `start_time` varchar(64) DEFAULT NULL COMMENT '请求开始时间',
  `end_time` varchar(64) DEFAULT NULL COMMENT '请求结束时间',
  `time` bigint(22) DEFAULT NULL COMMENT '消耗时间',
  `rep_data` varchar(2048) DEFAULT NULL COMMENT '返回值',
  PRIMARY KEY (`gid`)
) ENGINE=InnoDB AUTO_INCREMENT=1198 DEFAULT CHARSET=utf8;

-- ----------------------------
-- Records of logs
-- ----------------------------
INSERT INTO `logs` VALUES ('969', 'http://localhost:8081/login', 'GET', '0:0:0:0:0:0:0:1', 'com.flowyj.pcenter.controller.LoginController.login', 'userName=admin,password=123456,', '2018-05-28 10:08:58', '2018-05-28 10:09:00', '2', null);
INSERT INTO `logs` VALUES ('970', 'http://localhost:8081/login', 'GET', '0:0:0:0:0:0:0:1', 'com.flowyj.pcenter.controller.LoginController.login', 'userName=admin,password=123456,', '2018-05-28 10:09:00', '2018-05-28 10:09:01', '1', null);
INSERT INTO `logs` VALUES ('971', 'http://localhost:8081/login', 'GET', '0:0:0:0:0:0:0:1', 'com.flowyj.pcenter.controller.LoginController.login', 'userName=admin,password=123456,', '2018-05-28 10:09:50', '2018-05-28 10:09:50', '0', null);
INSERT INTO `logs` VALUES ('972', 'http://localhost:8081/login', 'GET', '0:0:0:0:0:0:0:1', 'com.flowyj.pcenter.controller.LoginController.login', 'userName=admin,password=123456,', '2018-05-28 10:10:45', '2018-05-28 10:10:45', '0', 'Result(code=200, msg=成功, data={sessionId=7B2DC060E4AC904A5F4E4684799291D8, menu=[MenuList(gid=1, icon=fa-tachometer, menuName=总控制台, url=index.html, menuList=[]), MenuList(gid=2, icon=fa-tachometer, menuName=邮件管理, url=email.html, menuList=[MenuList(gid=7, icon=fa-tachometer, menuName=邮件模板, url=setting.html, menuList=null), MenuList(gid=8, icon=fa-tachometer, menuName=邮件列表, url=setting.html, menuList=null)]), MenuList(gid=3, icon=fa-tachometer, menuName=商品管理, url=goods.html, menuList=[MenuList(gid=9, icon=fa-tachometer, menuName=商品列表, url=setting.html, menuList=null)]), MenuList(gid=4, icon=fa-tachometer, menuName=历史管理, url=history.html, menuList=[MenuList(gid=10, icon=fa-tachometer, menuName=历史列表, url=setting.html, menuList=null)]), MenuList(gid=5, icon=fa-tachometer, menuName=工资管理, url=salary.html, menuList=[MenuList(gid=11, icon=fa-tachometer, menuName=工资列表, url=setting.html, menuList=null)]), MenuList(gid=6, icon=fa-tachometer, menuName=系统设置, url=setting.html, menuList=[MenuList(gid=12, icon=fa-tachometer, menuName=项目配置, url=setting.html, menuList=null), MenuList(gid=13, icon=fa-tachometer, menuName=用户配置, url=setting.html, menuList=null), MenuList(gid=14, icon=fa-tachometer, menuName=角色配置, url=setting.html, menuList=null), MenuList(gid=15, icon=fa-tachometer, menuName=工资配置, url=setting.html, menuList=null), MenuList(gid=16, icon=fa-tachometer, menuName=日志记录, url=setting.html, menuList=null)])], user=User(gid=1, userName=admin, password=98F6FAD709E28617CF0421CC885C484F, email=1193418905@qq.com, roleId=1, roleName=超级管理员, loginTime=2018-05-28 10:10:45)}, page=null, totalCount=null)');
INSERT INTO `logs` VALUES ('973', 'http://localhost:8081/login', 'GET', '0:0:0:0:0:0:0:1', 'com.flowyj.pcenter.controller.LoginController.login', 'userName=admin,password=123456,', '2018-05-28 10:41:29', '2018-05-28 10:41:29', '0', 'Result(code=200, msg=成功, data={sessionId=9C9A0FB2259C4E4CF999134F06640F3E, menu=[MenuList(gid=1, icon=fa-tachometer, menuName=总控制台, url=index.html, menuList=[]), MenuList(gid=2, icon=fa-tachometer, menuName=邮件管理, url=email.html, menuList=[MenuList(gid=7, icon=fa-tachometer, menuName=邮件模板, url=setting.html, menuList=null), MenuList(gid=8, icon=fa-tachometer, menuName=邮件列表, url=setting.html, menuList=null)]), MenuList(gid=3, icon=fa-tachometer, menuName=商品管理, url=goods.html, menuList=[MenuList(gid=9, icon=fa-tachometer, menuName=商品列表, url=setting.html, menuList=null)]), MenuList(gid=4, icon=fa-tachometer, menuName=历史管理, url=history.html, menuList=[MenuList(gid=10, icon=fa-tachometer, menuName=历史列表, url=setting.html, menuList=null)]), MenuList(gid=5, icon=fa-tachometer, menuName=工资管理, url=salary.html, menuList=[MenuList(gid=11, icon=fa-tachometer, menuName=工资列表, url=setting.html, menuList=null)]), MenuList(gid=6, icon=fa-tachometer, menuName=系统设置, url=setting.html, menuList=[MenuList(gid=12, icon=fa-tachometer, menuName=项目配置, url=setting.html, menuList=null), MenuList(gid=13, icon=fa-tachometer, menuName=用户配置, url=setting.html, menuList=null), MenuList(gid=14, icon=fa-tachometer, menuName=角色配置, url=setting.html, menuList=null), MenuList(gid=15, icon=fa-tachometer, menuName=工资配置, url=setting.html, menuList=null), MenuList(gid=16, icon=fa-tachometer, menuName=日志记录, url=setting.html, menuList=null)])], user=User(gid=1, userName=admin, password=98F6FAD709E28617CF0421CC885C484F, email=1193418905@qq.com, roleId=1, roleName=超级管理员, loginTime=2018-05-28 10:41:29)}, page=null, totalCount=null)');
INSERT INTO `logs` VALUES ('974', 'http://localhost:8081/login', 'GET', '0:0:0:0:0:0:0:1', 'com.flowyj.pcenter.controller.LoginController.login', 'userName=flowyj,password=123456,', '2018-05-28 10:49:18', '2018-05-28 10:49:18', '0', 'Result(code=200, msg=成功, data={sessionId=0D453C0768C556CB409515D9DAD457FD, menu=[MenuList(gid=1, icon=fa-tachometer, menuName=总控制台, url=index.html, menuList=[]), MenuList(gid=2, icon=fa-tachometer, menuName=邮件管理, url=email.html, menuList=[MenuList(gid=7, icon=fa-tachometer, menuName=邮件模板, url=setting.html, menuList=null), MenuList(gid=8, icon=fa-tachometer, menuName=邮件列表, url=setting.html, menuList=null)]), MenuList(gid=3, icon=fa-tachometer, menuName=商品管理, url=goods.html, menuList=[MenuList(gid=9, icon=fa-tachometer, menuName=商品列表, url=setting.html, menuList=null)]), MenuList(gid=4, icon=fa-tachometer, menuName=历史管理, url=history.html, menuList=[MenuList(gid=10, icon=fa-tachometer, menuName=历史列表, url=setting.html, menuList=null)]), MenuList(gid=5, icon=fa-tachometer, menuName=工资管理, url=salary.html, menuList=[MenuList(gid=11, icon=fa-tachometer, menuName=工资列表, url=setting.html, menuList=null)]), MenuList(gid=6, icon=fa-tachometer, menuName=系统设置, url=setting.html, menuList=[MenuList(gid=12, icon=fa-tachometer, menuName=项目配置, url=setting.html, menuList=null), MenuList(gid=13, icon=fa-tachometer, menuName=用户配置, url=setting.html, menuList=null), MenuList(gid=14, icon=fa-tachometer, menuName=角色配置, url=setting.html, menuList=null), MenuList(gid=15, icon=fa-tachometer, menuName=工资配置, url=setting.html, menuList=null), MenuList(gid=16, icon=fa-tachometer, menuName=日志记录, url=setting.html, menuList=null)])], user=User(gid=2, userName=flowyj, password=984E31DA860A915FF23B5337F073F9C6, email=null, roleId=1, roleName=null, loginTime=2018-05-28 10:49:18)}, page=null, totalCount=null)');
INSERT INTO `logs` VALUES ('975', 'http://localhost:8081/loginOut', 'GET', '0:0:0:0:0:0:0:1', 'com.flowyj.pcenter.controller.LoginController.loginOut', 'sessionId=0D453C0768C556CB409515D9DAD457FD,', '2018-05-28 10:53:27', '2018-05-28 10:53:27', '0', 'Result(code=200, msg=成功, data=true, page=null, totalCount=null)');
INSERT INTO `logs` VALUES ('976', 'http://localhost:8081/login', 'GET', '0:0:0:0:0:0:0:1', 'com.flowyj.pcenter.controller.LoginController.login', 'userName=admin,password=123456,', '2018-05-28 11:07:57', '2018-05-28 11:07:59', '1', 'Result(code=200, msg=成功, data={sessionId=46EFFA03053F27C7AF8737F587989350, menu=[MenuList(gid=1, icon=fa-tachometer, menuName=总控制台, url=index.html, menuList=[]), MenuList(gid=2, icon=fa-tachometer, menuName=邮件管理, url=email.html, menuList=[MenuList(gid=7, icon=fa-tachometer, menuName=邮件模板, url=setting.html, menuList=null), MenuList(gid=8, icon=fa-tachometer, menuName=邮件列表, url=setting.html, menuList=null)]), MenuList(gid=3, icon=fa-tachometer, menuName=商品管理, url=goods.html, menuList=[MenuList(gid=9, icon=fa-tachometer, menuName=商品列表, url=setting.html, menuList=null)]), MenuList(gid=4, icon=fa-tachometer, menuName=历史管理, url=history.html, menuList=[MenuList(gid=10, icon=fa-tachometer, menuName=历史列表, url=setting.html, menuList=null)]), MenuList(gid=5, icon=fa-tachometer, menuName=工资管理, url=salary.html, menuList=[MenuList(gid=11, icon=fa-tachometer, menuName=工资列表, url=setting.html, menuList=null)]), MenuList(gid=6, icon=fa-tachometer, menuName=系统设置, url=setting.html, menuList=[MenuList(gid=12, icon=fa-tachometer, menuName=项目配置, url=setting.html, menuList=null), MenuList(gid=13, icon=fa-tachometer, menuName=用户配置, url=setting.html, menuList=null), MenuList(gid=14, icon=fa-tachometer, menuName=角色配置, url=setting.html, menuList=null), MenuList(gid=15, icon=fa-tachometer, menuName=工资配置, url=setting.html, menuList=null), MenuList(gid=16, icon=fa-tachometer, menuName=日志记录, url=setting.html, menuList=null)])], user=User(gid=1, userName=admin, password=98F6FAD709E28617CF0421CC885C484F, email=1193418905@qq.com, roleId=1, roleName=超级管理员, loginTime=2018-05-28 11:07:59)}, page=null, totalCount=null)');
INSERT INTO `logs` VALUES ('977', 'http://localhost:8081/login', 'GET', '0:0:0:0:0:0:0:1', 'com.flowyj.pcenter.controller.LoginController.login', 'userName=flowyj,password=123456,', '2018-05-28 11:08:44', '2018-05-28 11:08:44', '0', 'Result(code=200, msg=成功, data={sessionId=F643D79380C89FA4674EB8CBEB54639B, menu=[MenuList(gid=1, icon=fa-tachometer, menuName=总控制台, url=index.html, menuList=[]), MenuList(gid=2, icon=fa-tachometer, menuName=邮件管理, url=email.html, menuList=[MenuList(gid=7, icon=fa-tachometer, menuName=邮件模板, url=setting.html, menuList=null), MenuList(gid=8, icon=fa-tachometer, menuName=邮件列表, url=setting.html, menuList=null)]), MenuList(gid=3, icon=fa-tachometer, menuName=商品管理, url=goods.html, menuList=[MenuList(gid=9, icon=fa-tachometer, menuName=商品列表, url=setting.html, menuList=null)]), MenuList(gid=4, icon=fa-tachometer, menuName=历史管理, url=history.html, menuList=[MenuList(gid=10, icon=fa-tachometer, menuName=历史列表, url=setting.html, menuList=null)]), MenuList(gid=5, icon=fa-tachometer, menuName=工资管理, url=salary.html, menuList=[MenuList(gid=11, icon=fa-tachometer, menuName=工资列表, url=setting.html, menuList=null)]), MenuList(gid=6, icon=fa-tachometer, menuName=系统设置, url=setting.html, menuList=[MenuList(gid=12, icon=fa-tachometer, menuName=项目配置, url=setting.html, menuList=null), MenuList(gid=13, icon=fa-tachometer, menuName=用户配置, url=setting.html, menuList=null), MenuList(gid=14, icon=fa-tachometer, menuName=角色配置, url=setting.html, menuList=null), MenuList(gid=15, icon=fa-tachometer, menuName=工资配置, url=setting.html, menuList=null), MenuList(gid=16, icon=fa-tachometer, menuName=日志记录, url=setting.html, menuList=null)])], user=User(gid=2, userName=flowyj, password=984E31DA860A915FF23B5337F073F9C6, email=null, roleId=1, roleName=null, loginTime=2018-05-28 11:08:44)}, page=null, totalCount=null)');
INSERT INTO `logs` VALUES ('978', 'http://localhost:8081/loginOut', 'GET', '0:0:0:0:0:0:0:1', 'com.flowyj.pcenter.controller.LoginController.loginOut', 'sessionId=F643D79380C89FA4674EB8CBEB54639B,', '2018-05-28 11:09:05', '2018-05-28 11:09:05', '0', 'Result(code=200, msg=成功, data=true, page=null, totalCount=null)');
INSERT INTO `logs` VALUES ('979', 'http://localhost:8081/login', 'GET', '0:0:0:0:0:0:0:1', 'com.flowyj.pcenter.controller.LoginController.login', 'userName=flowyj,password=123456,', '2018-05-28 11:09:09', '2018-05-28 11:09:09', '0', 'Result(code=200, msg=成功, data={sessionId=F643D79380C89FA4674EB8CBEB54639B, menu=[MenuList(gid=1, icon=fa-tachometer, menuName=总控制台, url=index.html, menuList=[]), MenuList(gid=2, icon=fa-tachometer, menuName=邮件管理, url=email.html, menuList=[MenuList(gid=7, icon=fa-tachometer, menuName=邮件模板, url=setting.html, menuList=null), MenuList(gid=8, icon=fa-tachometer, menuName=邮件列表, url=setting.html, menuList=null)]), MenuList(gid=3, icon=fa-tachometer, menuName=商品管理, url=goods.html, menuList=[MenuList(gid=9, icon=fa-tachometer, menuName=商品列表, url=setting.html, menuList=null)]), MenuList(gid=4, icon=fa-tachometer, menuName=历史管理, url=history.html, menuList=[MenuList(gid=10, icon=fa-tachometer, menuName=历史列表, url=setting.html, menuList=null)]), MenuList(gid=5, icon=fa-tachometer, menuName=工资管理, url=salary.html, menuList=[MenuList(gid=11, icon=fa-tachometer, menuName=工资列表, url=setting.html, menuList=null)]), MenuList(gid=6, icon=fa-tachometer, menuName=系统设置, url=setting.html, menuList=[MenuList(gid=12, icon=fa-tachometer, menuName=项目配置, url=setting.html, menuList=null), MenuList(gid=13, icon=fa-tachometer, menuName=用户配置, url=setting.html, menuList=null), MenuList(gid=14, icon=fa-tachometer, menuName=角色配置, url=setting.html, menuList=null), MenuList(gid=15, icon=fa-tachometer, menuName=工资配置, url=setting.html, menuList=null), MenuList(gid=16, icon=fa-tachometer, menuName=日志记录, url=setting.html, menuList=null)])], user=User(gid=2, userName=flowyj, password=984E31DA860A915FF23B5337F073F9C6, email=null, roleId=1, roleName=null, loginTime=2018-05-28 11:09:09)}, page=null, totalCount=null)');
INSERT INTO `logs` VALUES ('980', 'http://localhost:8081/loginOut', 'GET', '0:0:0:0:0:0:0:1', 'com.flowyj.pcenter.controller.LoginController.loginOut', 'sessionId=F643D79380C89FA4674EB8CBEB54639B,', '2018-05-28 11:27:46', '2018-05-28 11:27:46', '0', 'Result(code=200, msg=成功, data=true, page=null, totalCount=null)');
INSERT INTO `logs` VALUES ('981', 'http://localhost:8081/login', 'GET', '0:0:0:0:0:0:0:1', 'com.flowyj.pcenter.controller.LoginController.login', 'userName=flowyj,password=123456,', '2018-05-28 11:27:47', '2018-05-28 11:27:48', '0', 'Result(code=200, msg=成功, data={sessionId=F643D79380C89FA4674EB8CBEB54639B, menu=[MenuList(gid=1, icon=fa-tachometer, menuName=总控制台, url=index.html, menuList=[]), MenuList(gid=2, icon=fa-tachometer, menuName=邮件管理, url=email.html, menuList=[MenuList(gid=7, icon=fa-tachometer, menuName=邮件模板, url=setting.html, menuList=null), MenuList(gid=8, icon=fa-tachometer, menuName=邮件列表, url=setting.html, menuList=null)]), MenuList(gid=3, icon=fa-tachometer, menuName=商品管理, url=goods.html, menuList=[MenuList(gid=9, icon=fa-tachometer, menuName=商品列表, url=setting.html, menuList=null)]), MenuList(gid=4, icon=fa-tachometer, menuName=历史管理, url=history.html, menuList=[MenuList(gid=10, icon=fa-tachometer, menuName=历史列表, url=setting.html, menuList=null)]), MenuList(gid=5, icon=fa-tachometer, menuName=工资管理, url=salary.html, menuList=[MenuList(gid=11, icon=fa-tachometer, menuName=工资列表, url=setting.html, menuList=null)]), MenuList(gid=6, icon=fa-tachometer, menuName=系统设置, url=setting.html, menuList=[MenuList(gid=12, icon=fa-tachometer, menuName=项目配置, url=setting.html, menuList=null), MenuList(gid=13, icon=fa-tachometer, menuName=用户配置, url=setting.html, menuList=null), MenuList(gid=14, icon=fa-tachometer, menuName=角色配置, url=setting.html, menuList=null), MenuList(gid=15, icon=fa-tachometer, menuName=工资配置, url=setting.html, menuList=null), MenuList(gid=16, icon=fa-tachometer, menuName=日志记录, url=logs.html, menuList=null)])], user=User(gid=2, userName=flowyj, password=984E31DA860A915FF23B5337F073F9C6, email=null, roleId=1, roleName=null, loginTime=2018-05-28 11:27:48)}, page=null, totalCount=null)');
INSERT INTO `logs` VALUES ('982', 'http://localhost:8081/loginOut', 'GET', '0:0:0:0:0:0:0:1', 'com.flowyj.pcenter.controller.LoginController.loginOut', 'sessionId=F643D79380C89FA4674EB8CBEB54639B,', '2018-05-28 11:28:35', '2018-05-28 11:28:35', '0', 'Result(code=200, msg=成功, data=true, page=null, totalCount=null)');
INSERT INTO `logs` VALUES ('983', 'http://localhost:8081/login', 'GET', '0:0:0:0:0:0:0:1', 'com.flowyj.pcenter.controller.LoginController.login', 'userName=flowyj,password=123456,', '2018-05-28 11:28:37', '2018-05-28 11:28:37', '0', 'Result(code=200, msg=成功, data={sessionId=F643D79380C89FA4674EB8CBEB54639B, menu=[MenuList(gid=1, icon=fa-tachometer, menuName=总控制台, url=index.html, menuList=[]), MenuList(gid=2, icon=fa-tachometer, menuName=邮件管理, url=email.html, menuList=[MenuList(gid=7, icon=fa-tachometer, menuName=邮件模板, url=setting.html, menuList=null), MenuList(gid=8, icon=fa-tachometer, menuName=邮件列表, url=setting.html, menuList=null)]), MenuList(gid=3, icon=fa-tachometer, menuName=商品管理, url=goods.html, menuList=[MenuList(gid=9, icon=fa-tachometer, menuName=商品列表, url=setting.html, menuList=null)]), MenuList(gid=4, icon=fa-tachometer, menuName=历史管理, url=history.html, menuList=[MenuList(gid=10, icon=fa-tachometer, menuName=历史列表, url=setting.html, menuList=null)]), MenuList(gid=5, icon=fa-tachometer, menuName=工资管理, url=salary.html, menuList=[MenuList(gid=11, icon=fa-tachometer, menuName=工资列表, url=setting.html, menuList=null)]), MenuList(gid=6, icon=fa-tachometer, menuName=系统设置, url=setting.html, menuList=[MenuList(gid=12, icon=fa-tachometer, menuName=项目配置, url=setting.html, menuList=null), MenuList(gid=13, icon=fa-tachometer, menuName=用户配置, url=setting.html, menuList=null), MenuList(gid=14, icon=fa-tachometer, menuName=角色配置, url=setting.html, menuList=null), MenuList(gid=15, icon=fa-tachometer, menuName=工资配置, url=setting.html, menuList=null), MenuList(gid=16, icon=fa-tachometer, menuName=日志记录, url=setting/logs.html, menuList=null)])], user=User(gid=2, userName=flowyj, password=984E31DA860A915FF23B5337F073F9C6, email=null, roleId=1, roleName=null, loginTime=2018-05-28 11:28:37)}, page=null, totalCount=null)');
INSERT INTO `logs` VALUES ('984', 'http://localhost:8081/loginOut', 'GET', '0:0:0:0:0:0:0:1', 'com.flowyj.pcenter.controller.LoginController.loginOut', 'sessionId=46EFFA03053F27C7AF8737F587989350,', '2018-05-28 11:28:53', '2018-05-28 11:28:53', '0', 'Result(code=200, msg=成功, data=true, page=null, totalCount=null)');
INSERT INTO `logs` VALUES ('985', 'http://localhost:8081/login', 'GET', '0:0:0:0:0:0:0:1', 'com.flowyj.pcenter.controller.LoginController.login', 'userName=admin,password=123456,', '2018-05-28 11:28:55', '2018-05-28 11:28:55', '0', 'Result(code=200, msg=成功, data={sessionId=46EFFA03053F27C7AF8737F587989350, menu=[MenuList(gid=1, icon=fa-tachometer, menuName=总控制台, url=index.html, menuList=[]), MenuList(gid=2, icon=fa-tachometer, menuName=邮件管理, url=email.html, menuList=[MenuList(gid=7, icon=fa-tachometer, menuName=邮件模板, url=setting.html, menuList=null), MenuList(gid=8, icon=fa-tachometer, menuName=邮件列表, url=setting.html, menuList=null)]), MenuList(gid=3, icon=fa-tachometer, menuName=商品管理, url=goods.html, menuList=[MenuList(gid=9, icon=fa-tachometer, menuName=商品列表, url=setting.html, menuList=null)]), MenuList(gid=4, icon=fa-tachometer, menuName=历史管理, url=history.html, menuList=[MenuList(gid=10, icon=fa-tachometer, menuName=历史列表, url=setting.html, menuList=null)]), MenuList(gid=5, icon=fa-tachometer, menuName=工资管理, url=salary.html, menuList=[MenuList(gid=11, icon=fa-tachometer, menuName=工资列表, url=setting.html, menuList=null)]), MenuList(gid=6, icon=fa-tachometer, menuName=系统设置, url=setting.html, menuList=[MenuList(gid=12, icon=fa-tachometer, menuName=项目配置, url=setting.html, menuList=null), MenuList(gid=13, icon=fa-tachometer, menuName=用户配置, url=setting.html, menuList=null), MenuList(gid=14, icon=fa-tachometer, menuName=角色配置, url=setting.html, menuList=null), MenuList(gid=15, icon=fa-tachometer, menuName=工资配置, url=setting.html, menuList=null), MenuList(gid=16, icon=fa-tachometer, menuName=日志记录, url=setting/logs.html, menuList=null)])], user=User(gid=1, userName=admin, password=98F6FAD709E28617CF0421CC885C484F, email=1193418905@qq.com, roleId=1, roleName=超级管理员, loginTime=2018-05-28 11:28:55)}, page=null, totalCount=null)');
INSERT INTO `logs` VALUES ('986', 'http://localhost:8081/loginOut', 'GET', '0:0:0:0:0:0:0:1', 'com.flowyj.pcenter.controller.LoginController.loginOut', 'sessionId=46EFFA03053F27C7AF8737F587989350,', '2018-05-28 11:30:14', '2018-05-28 11:30:14', '0', 'Result(code=200, msg=成功, data=true, page=null, totalCount=null)');
INSERT INTO `logs` VALUES ('987', 'http://localhost:8081/login', 'GET', '0:0:0:0:0:0:0:1', 'com.flowyj.pcenter.controller.LoginController.login', 'userName=admin,password=123456,', '2018-05-28 11:30:18', '2018-05-28 11:30:18', '0', 'Result(code=200, msg=成功, data={sessionId=46EFFA03053F27C7AF8737F587989350, menu=[MenuList(gid=1, icon=fa-tachometer, menuName=总控制台, url=index.html, menuList=[]), MenuList(gid=2, icon=fa-tachometer, menuName=邮件管理, url=email.html, menuList=[MenuList(gid=7, icon=fa-tachometer, menuName=邮件模板, url=setting.html, menuList=null), MenuList(gid=8, icon=fa-tachometer, menuName=邮件列表, url=setting.html, menuList=null)]), MenuList(gid=3, icon=fa-tachometer, menuName=商品管理, url=goods.html, menuList=[MenuList(gid=9, icon=fa-tachometer, menuName=商品列表, url=setting.html, menuList=null)]), MenuList(gid=4, icon=fa-tachometer, menuName=历史管理, url=history.html, menuList=[MenuList(gid=10, icon=fa-tachometer, menuName=历史列表, url=setting.html, menuList=null)]), MenuList(gid=5, icon=fa-tachometer, menuName=工资管理, url=salary.html, menuList=[MenuList(gid=11, icon=fa-tachometer, menuName=工资列表, url=setting.html, menuList=null)]), MenuList(gid=6, icon=fa-tachometer, menuName=系统设置, url=setting.html, menuList=[MenuList(gid=12, icon=fa-tachometer, menuName=项目配置, url=setting.html, menuList=null), MenuList(gid=13, icon=fa-tachometer, menuName=用户配置, url=setting.html, menuList=null), MenuList(gid=14, icon=fa-tachometer, menuName=角色配置, url=setting.html, menuList=null), MenuList(gid=15, icon=fa-tachometer, menuName=工资配置, url=setting.html, menuList=null), MenuList(gid=16, icon=fa-tachometer, menuName=日志记录, url=setting/logs.html, menuList=null)])], user=User(gid=1, userName=admin, password=98F6FAD709E28617CF0421CC885C484F, email=1193418905@qq.com, roleId=1, roleName=超级管理员, loginTime=2018-05-28 11:30:18)}, page=null, totalCount=null)');
INSERT INTO `logs` VALUES ('988', 'http://localhost:8081/loginOut', 'GET', '0:0:0:0:0:0:0:1', 'com.flowyj.pcenter.controller.LoginController.loginOut', 'sessionId=46EFFA03053F27C7AF8737F587989350,', '2018-05-28 11:33:11', '2018-05-28 11:33:11', '0', 'Result(code=200, msg=成功, data=true, page=null, totalCount=null)');
INSERT INTO `logs` VALUES ('989', 'http://localhost:8081/login', 'GET', '0:0:0:0:0:0:0:1', 'com.flowyj.pcenter.controller.LoginController.login', 'userName=admin,password=123456,', '2018-05-28 11:33:13', '2018-05-28 11:33:13', '0', 'Result(code=200, msg=成功, data={sessionId=46EFFA03053F27C7AF8737F587989350, menu=[MenuList(gid=1, icon=fa-tachometer, menuName=总控制台, url=index.html, menuList=[]), MenuList(gid=2, icon=fa-tachometer, menuName=邮件管理, url=email.html, menuList=[MenuList(gid=7, icon=fa-tachometer, menuName=邮件模板, url=setting.html, menuList=null), MenuList(gid=8, icon=fa-tachometer, menuName=邮件列表, url=setting.html, menuList=null)]), MenuList(gid=3, icon=fa-tachometer, menuName=商品管理, url=goods.html, menuList=[MenuList(gid=9, icon=fa-tachometer, menuName=商品列表, url=setting.html, menuList=null)]), MenuList(gid=4, icon=fa-tachometer, menuName=历史管理, url=history.html, menuList=[MenuList(gid=10, icon=fa-tachometer, menuName=历史列表, url=setting.html, menuList=null)]), MenuList(gid=5, icon=fa-tachometer, menuName=工资管理, url=salary.html, menuList=[MenuList(gid=11, icon=fa-tachometer, menuName=工资列表, url=setting.html, menuList=null)]), MenuList(gid=6, icon=fa-tachometer, menuName=系统设置, url=setting.html, menuList=[MenuList(gid=12, icon=fa-tachometer, menuName=项目配置, url=setting.html, menuList=null), MenuList(gid=13, icon=fa-tachometer, menuName=用户配置, url=setting.html, menuList=null), MenuList(gid=14, icon=fa-tachometer, menuName=角色配置, url=setting.html, menuList=null), MenuList(gid=15, icon=fa-tachometer, menuName=工资配置, url=setting.html, menuList=null), MenuList(gid=16, icon=fa-tachometer, menuName=日志记录, url=logs.html, menuList=null)])], user=User(gid=1, userName=admin, password=98F6FAD709E28617CF0421CC885C484F, email=1193418905@qq.com, roleId=1, roleName=超级管理员, loginTime=2018-05-28 11:33:13)}, page=null, totalCount=null)');
INSERT INTO `logs` VALUES ('990', 'http://localhost:8081/loginOut', 'GET', '0:0:0:0:0:0:0:1', 'com.flowyj.pcenter.controller.LoginController.loginOut', 'sessionId=46EFFA03053F27C7AF8737F587989350,', '2018-05-28 11:35:10', '2018-05-28 11:35:10', '0', 'Result(code=200, msg=成功, data=true, page=null, totalCount=null)');
INSERT INTO `logs` VALUES ('991', 'http://localhost:8081/login', 'GET', '0:0:0:0:0:0:0:1', 'com.flowyj.pcenter.controller.LoginController.login', 'userName=admin,password=123456,', '2018-05-28 11:35:11', '2018-05-28 11:35:11', '0', 'Result(code=200, msg=成功, data={sessionId=46EFFA03053F27C7AF8737F587989350, menu=[MenuList(gid=1, icon=fa-tachometer, menuName=总控制台, url=index.html, menuList=[]), MenuList(gid=2, icon=fa-tachometer, menuName=邮件管理, url=email.html, menuList=[MenuList(gid=7, icon=fa-tachometer, menuName=邮件模板, url=setting.html, menuList=null), MenuList(gid=8, icon=fa-tachometer, menuName=邮件列表, url=setting.html, menuList=null)]), MenuList(gid=3, icon=fa-tachometer, menuName=商品管理, url=goods.html, menuList=[MenuList(gid=9, icon=fa-tachometer, menuName=商品列表, url=setting.html, menuList=null)]), MenuList(gid=4, icon=fa-tachometer, menuName=历史管理, url=history.html, menuList=[MenuList(gid=10, icon=fa-tachometer, menuName=历史列表, url=setting.html, menuList=null)]), MenuList(gid=5, icon=fa-tachometer, menuName=工资管理, url=salary.html, menuList=[MenuList(gid=11, icon=fa-tachometer, menuName=工资列表, url=setting.html, menuList=null)]), MenuList(gid=6, icon=fa-tachometer, menuName=系统设置, url=setting.html, menuList=[MenuList(gid=12, icon=fa-tachometer, menuName=项目配置, url=setting.html, menuList=null), MenuList(gid=13, icon=fa-tachometer, menuName=用户配置, url=setting.html, menuList=null), MenuList(gid=14, icon=fa-tachometer, menuName=角色配置, url=setting.html, menuList=null), MenuList(gid=15, icon=fa-tachometer, menuName=工资配置, url=setting.html, menuList=null), MenuList(gid=16, icon=fa-tachometer, menuName=日志记录, url=logs.html, menuList=null)])], user=User(gid=1, userName=admin, password=98F6FAD709E28617CF0421CC885C484F, email=1193418905@qq.com, roleId=1, roleName=超级管理员, loginTime=2018-05-28 11:35:11)}, page=null, totalCount=null)');
INSERT INTO `logs` VALUES ('992', 'http://localhost:8081/login', 'GET', '0:0:0:0:0:0:0:1', 'com.flowyj.pcenter.controller.LoginController.login', 'userName=admin,password=123456,', '2018-05-28 12:06:21', '2018-05-28 12:06:21', '0', 'Result(code=200, msg=成功, data={sessionId=46EFFA03053F27C7AF8737F587989350, menu=[MenuList(gid=1, icon=fa-tachometer, menuName=总控制台, url=index.html, menuList=[]), MenuList(gid=2, icon=fa-tachometer, menuName=邮件管理, url=email.html, menuList=[MenuList(gid=7, icon=fa-tachometer, menuName=邮件模板, url=setting.html, menuList=null), MenuList(gid=8, icon=fa-tachometer, menuName=邮件列表, url=setting.html, menuList=null)]), MenuList(gid=3, icon=fa-tachometer, menuName=商品管理, url=goods.html, menuList=[MenuList(gid=9, icon=fa-tachometer, menuName=商品列表, url=setting.html, menuList=null)]), MenuList(gid=4, icon=fa-tachometer, menuName=历史管理, url=history.html, menuList=[MenuList(gid=10, icon=fa-tachometer, menuName=历史列表, url=setting.html, menuList=null)]), MenuList(gid=5, icon=fa-tachometer, menuName=工资管理, url=salary.html, menuList=[MenuList(gid=11, icon=fa-tachometer, menuName=工资列表, url=setting.html, menuList=null)]), MenuList(gid=6, icon=fa-tachometer, menuName=系统设置, url=setting.html, menuList=[MenuList(gid=12, icon=fa-tachometer, menuName=项目配置, url=setting.html, menuList=null), MenuList(gid=13, icon=fa-tachometer, menuName=用户配置, url=setting.html, menuList=null), MenuList(gid=14, icon=fa-tachometer, menuName=角色配置, url=setting.html, menuList=null), MenuList(gid=15, icon=fa-tachometer, menuName=工资配置, url=setting.html, menuList=null), MenuList(gid=16, icon=fa-tachometer, menuName=日志记录, url=logs.html, menuList=null)])], user=User(gid=1, userName=admin, password=98F6FAD709E28617CF0421CC885C484F, email=1193418905@qq.com, roleId=1, roleName=超级管理员, loginTime=2018-05-28 12:06:21)}, page=null, totalCount=null)');
INSERT INTO `logs` VALUES ('993', 'http://localhost:8081/login', 'GET', '0:0:0:0:0:0:0:1', 'com.flowyj.pcenter.controller.LoginController.login', 'userName=admin,password=123456,', '2018-05-28 12:06:21', '2018-05-28 12:06:21', '0', 'Result(code=200, msg=成功, data={sessionId=46EFFA03053F27C7AF8737F587989350, menu=[MenuList(gid=1, icon=fa-tachometer, menuName=总控制台, url=index.html, menuList=[]), MenuList(gid=2, icon=fa-tachometer, menuName=邮件管理, url=email.html, menuList=[MenuList(gid=7, icon=fa-tachometer, menuName=邮件模板, url=setting.html, menuList=null), MenuList(gid=8, icon=fa-tachometer, menuName=邮件列表, url=setting.html, menuList=null)]), MenuList(gid=3, icon=fa-tachometer, menuName=商品管理, url=goods.html, menuList=[MenuList(gid=9, icon=fa-tachometer, menuName=商品列表, url=setting.html, menuList=null)]), MenuList(gid=4, icon=fa-tachometer, menuName=历史管理, url=history.html, menuList=[MenuList(gid=10, icon=fa-tachometer, menuName=历史列表, url=setting.html, menuList=null)]), MenuList(gid=5, icon=fa-tachometer, menuName=工资管理, url=salary.html, menuList=[MenuList(gid=11, icon=fa-tachometer, menuName=工资列表, url=setting.html, menuList=null)]), MenuList(gid=6, icon=fa-tachometer, menuName=系统设置, url=setting.html, menuList=[MenuList(gid=12, icon=fa-tachometer, menuName=项目配置, url=setting.html, menuList=null), MenuList(gid=13, icon=fa-tachometer, menuName=用户配置, url=setting.html, menuList=null), MenuList(gid=14, icon=fa-tachometer, menuName=角色配置, url=setting.html, menuList=null), MenuList(gid=15, icon=fa-tachometer, menuName=工资配置, url=setting.html, menuList=null), MenuList(gid=16, icon=fa-tachometer, menuName=日志记录, url=logs.html, menuList=null)])], user=User(gid=1, userName=admin, password=98F6FAD709E28617CF0421CC885C484F, email=1193418905@qq.com, roleId=1, roleName=超级管理员, loginTime=2018-05-28 12:06:21)}, page=null, totalCount=null)');
INSERT INTO `logs` VALUES ('994', 'http://localhost:8081/login', 'GET', '0:0:0:0:0:0:0:1', 'com.flowyj.pcenter.controller.LoginController.login', 'userName=admin,password=123456,', '2018-05-28 13:21:00', '2018-05-28 13:21:01', '0', 'Result(code=200, msg=成功, data={sessionId=46EFFA03053F27C7AF8737F587989350, menu=[MenuList(gid=1, icon=fa-tachometer, menuName=总控制台, url=index.html, menuList=[]), MenuList(gid=2, icon=fa-tachometer, menuName=邮件管理, url=email.html, menuList=[MenuList(gid=7, icon=fa-tachometer, menuName=邮件模板, url=setting.html, menuList=null), MenuList(gid=8, icon=fa-tachometer, menuName=邮件列表, url=setting.html, menuList=null)]), MenuList(gid=3, icon=fa-tachometer, menuName=商品管理, url=goods.html, menuList=[MenuList(gid=9, icon=fa-tachometer, menuName=商品列表, url=setting.html, menuList=null)]), MenuList(gid=4, icon=fa-tachometer, menuName=历史管理, url=history.html, menuList=[MenuList(gid=10, icon=fa-tachometer, menuName=历史列表, url=setting.html, menuList=null)]), MenuList(gid=5, icon=fa-tachometer, menuName=工资管理, url=salary.html, menuList=[MenuList(gid=11, icon=fa-tachometer, menuName=工资列表, url=setting.html, menuList=null)]), MenuList(gid=6, icon=fa-tachometer, menuName=系统设置, url=setting.html, menuList=[MenuList(gid=12, icon=fa-tachometer, menuName=项目配置, url=setting.html, menuList=null), MenuList(gid=13, icon=fa-tachometer, menuName=用户配置, url=setting.html, menuList=null), MenuList(gid=14, icon=fa-tachometer, menuName=角色配置, url=setting.html, menuList=null), MenuList(gid=15, icon=fa-tachometer, menuName=工资配置, url=setting.html, menuList=null), MenuList(gid=16, icon=fa-tachometer, menuName=日志记录, url=logs.html, menuList=null)])], user=User(gid=1, userName=admin, password=98F6FAD709E28617CF0421CC885C484F, email=1193418905@qq.com, roleId=1, roleName=超级管理员, loginTime=2018-05-28 13:21:01)}, page=null, totalCount=null)');
INSERT INTO `logs` VALUES ('995', 'http://localhost:8081/login', 'GET', '0:0:0:0:0:0:0:1', 'com.flowyj.pcenter.controller.LoginController.login', 'userName=admin,password=123456,', '2018-05-28 13:47:37', '2018-05-28 13:47:37', '0', 'Result(code=200, msg=成功, data={sessionId=46EFFA03053F27C7AF8737F587989350, menu=[MenuList(gid=1, icon=fa-tachometer, menuName=总控制台, url=index.html, menuList=[]), MenuList(gid=2, icon=fa-tachometer, menuName=邮件管理, url=email.html, menuList=[MenuList(gid=7, icon=fa-tachometer, menuName=邮件模板, url=setting.html, menuList=null), MenuList(gid=8, icon=fa-tachometer, menuName=邮件列表, url=setting.html, menuList=null)]), MenuList(gid=3, icon=fa-tachometer, menuName=商品管理, url=goods.html, menuList=[MenuList(gid=9, icon=fa-tachometer, menuName=商品列表, url=setting.html, menuList=null)]), MenuList(gid=4, icon=fa-tachometer, menuName=历史管理, url=history.html, menuList=[MenuList(gid=10, icon=fa-tachometer, menuName=历史列表, url=setting.html, menuList=null)]), MenuList(gid=5, icon=fa-tachometer, menuName=工资管理, url=salary.html, menuList=[MenuList(gid=11, icon=fa-tachometer, menuName=工资列表, url=setting.html, menuList=null)]), MenuList(gid=6, icon=fa-tachometer, menuName=系统设置, url=setting.html, menuList=[MenuList(gid=12, icon=fa-tachometer, menuName=项目配置, url=setting.html, menuList=null), MenuList(gid=13, icon=fa-tachometer, menuName=用户配置, url=setting.html, menuList=null), MenuList(gid=14, icon=fa-tachometer, menuName=角色配置, url=setting.html, menuList=null), MenuList(gid=15, icon=fa-tachometer, menuName=工资配置, url=setting.html, menuList=null), MenuList(gid=16, icon=fa-tachometer, menuName=日志记录, url=logs.html, menuList=null)])], user=User(gid=1, userName=admin, password=98F6FAD709E28617CF0421CC885C484F, email=1193418905@qq.com, roleId=1, roleName=超级管理员, loginTime=2018-05-28 13:47:37)}, page=null, totalCount=null)');
INSERT INTO `logs` VALUES ('996', 'http://localhost:8081/login', 'GET', '0:0:0:0:0:0:0:1', 'com.flowyj.pcenter.controller.LoginController.login', 'userName=admin,password=123456,', '2018-05-28 13:47:44', '2018-05-28 13:47:44', '0', 'Result(code=200, msg=成功, data={sessionId=46EFFA03053F27C7AF8737F587989350, menu=[MenuList(gid=1, icon=fa-tachometer, menuName=总控制台, url=index.html, menuList=[]), MenuList(gid=2, icon=fa-tachometer, menuName=邮件管理, url=email.html, menuList=[MenuList(gid=7, icon=fa-tachometer, menuName=邮件模板, url=setting.html, menuList=null), MenuList(gid=8, icon=fa-tachometer, menuName=邮件列表, url=setting.html, menuList=null)]), MenuList(gid=3, icon=fa-tachometer, menuName=商品管理, url=goods.html, menuList=[MenuList(gid=9, icon=fa-tachometer, menuName=商品列表, url=setting.html, menuList=null)]), MenuList(gid=4, icon=fa-tachometer, menuName=历史管理, url=history.html, menuList=[MenuList(gid=10, icon=fa-tachometer, menuName=历史列表, url=setting.html, menuList=null)]), MenuList(gid=5, icon=fa-tachometer, menuName=工资管理, url=salary.html, menuList=[MenuList(gid=11, icon=fa-tachometer, menuName=工资列表, url=setting.html, menuList=null)]), MenuList(gid=6, icon=fa-tachometer, menuName=系统设置, url=setting.html, menuList=[MenuList(gid=12, icon=fa-tachometer, menuName=项目配置, url=setting.html, menuList=null), MenuList(gid=13, icon=fa-tachometer, menuName=用户配置, url=setting.html, menuList=null), MenuList(gid=14, icon=fa-tachometer, menuName=角色配置, url=setting.html, menuList=null), MenuList(gid=15, icon=fa-tachometer, menuName=工资配置, url=setting.html, menuList=null), MenuList(gid=16, icon=fa-tachometer, menuName=日志记录, url=logs.html, menuList=null)])], user=User(gid=1, userName=admin, password=98F6FAD709E28617CF0421CC885C484F, email=1193418905@qq.com, roleId=1, roleName=超级管理员, loginTime=2018-05-28 13:47:44)}, page=null, totalCount=null)');
INSERT INTO `logs` VALUES ('997', 'http://localhost:8081/logs/logsList', 'GET', '0:0:0:0:0:0:0:1', 'com.flowyj.pcenter.controller.LogsController.findLogsList', 'sessionId=46EFFA03053F27C7AF8737F587989350,pageNum=1,pageSize=10,', '2018-05-28 13:48:29', '2018-05-28 13:48:29', '0', null);
INSERT INTO `logs` VALUES ('998', 'http://localhost:8081/login', 'GET', '0:0:0:0:0:0:0:1', 'com.flowyj.pcenter.controller.LoginController.login', 'userName=admin,password=123456,', '2018-05-28 13:49:36', '2018-05-28 13:49:37', '0', 'Result(code=200, msg=成功, data={sessionId=46EFFA03053F27C7AF8737F587989350, menu=[MenuList(gid=1, icon=fa-tachometer, menuName=总控制台, url=index.html, menuList=[]), MenuList(gid=2, icon=fa-tachometer, menuName=邮件管理, url=email.html, menuList=[MenuList(gid=7, icon=fa-tachometer, menuName=邮件模板, url=setting.html, menuList=null), MenuList(gid=8, icon=fa-tachometer, menuName=邮件列表, url=setting.html, menuList=null)]), MenuList(gid=3, icon=fa-tachometer, menuName=商品管理, url=goods.html, menuList=[MenuList(gid=9, icon=fa-tachometer, menuName=商品列表, url=setting.html, menuList=null)]), MenuList(gid=4, icon=fa-tachometer, menuName=历史管理, url=history.html, menuList=[MenuList(gid=10, icon=fa-tachometer, menuName=历史列表, url=setting.html, menuList=null)]), MenuList(gid=5, icon=fa-tachometer, menuName=工资管理, url=salary.html, menuList=[MenuList(gid=11, icon=fa-tachometer, menuName=工资列表, url=setting.html, menuList=null)]), MenuList(gid=6, icon=fa-tachometer, menuName=系统设置, url=setting.html, menuList=[MenuList(gid=12, icon=fa-tachometer, menuName=项目配置, url=setting.html, menuList=null), MenuList(gid=13, icon=fa-tachometer, menuName=用户配置, url=setting.html, menuList=null), MenuList(gid=14, icon=fa-tachometer, menuName=角色配置, url=setting.html, menuList=null), MenuList(gid=15, icon=fa-tachometer, menuName=工资配置, url=setting.html, menuList=null), MenuList(gid=16, icon=fa-tachometer, menuName=日志记录, url=logs.html, menuList=null)])], user=User(gid=1, userName=admin, password=98F6FAD709E28617CF0421CC885C484F, email=1193418905@qq.com, roleId=1, roleName=超级管理员, loginTime=2018-05-28 13:49:37)}, page=null, totalCount=null)');
INSERT INTO `logs` VALUES ('999', 'http://localhost:8081/logs/logsList', 'GET', '0:0:0:0:0:0:0:1', 'com.flowyj.pcenter.controller.LogsController.findLogsList', 'sessionId=46EFFA03053F27C7AF8737F587989350,pageNum=1,pageSize=10,', '2018-05-28 13:49:40', '2018-05-28 13:49:40', '0', null);
INSERT INTO `logs` VALUES ('1000', 'http://localhost:8081/login', 'GET', '0:0:0:0:0:0:0:1', 'com.flowyj.pcenter.controller.LoginController.login', 'userName=admin,password=123456,', '2018-05-28 13:55:27', '2018-05-28 13:55:28', '0', null);
INSERT INTO `logs` VALUES ('1001', 'http://localhost:8081/login', 'GET', '0:0:0:0:0:0:0:1', 'com.flowyj.pcenter.controller.LoginController.login', 'userName=admin,password=123456,', '2018-05-28 13:56:16', '2018-05-28 13:56:16', '0', null);
INSERT INTO `logs` VALUES ('1002', 'http://localhost:8081/login', 'GET', '0:0:0:0:0:0:0:1', 'com.flowyj.pcenter.controller.LoginController.login', 'userName=admin,password=123456,', '2018-05-28 13:58:40', '2018-05-28 13:58:40', '0', '{\"code\":200,\"msg\":\"成功\"}');
INSERT INTO `logs` VALUES ('1003', 'http://localhost:8081/login', 'GET', '0:0:0:0:0:0:0:1', 'com.flowyj.pcenter.controller.LoginController.login', 'userName=admin,password=123456,', '2018-05-28 13:58:52', '2018-05-28 13:58:52', '0', '{\"code\":200,\"msg\":\"成功\"}');
INSERT INTO `logs` VALUES ('1004', 'http://localhost:8081/login', 'GET', '0:0:0:0:0:0:0:1', 'com.flowyj.pcenter.controller.LoginController.login', 'userName=admin,password=123456,', '2018-05-28 13:59:09', '2018-05-28 13:59:09', '0', '{\"code\":200,\"msg\":\"成功\"}');
INSERT INTO `logs` VALUES ('1005', 'http://localhost:8081/login', 'GET', '0:0:0:0:0:0:0:1', 'com.flowyj.pcenter.controller.LoginController.login', 'userName=admin,password=123456,', '2018-05-28 14:02:14', '2018-05-28 14:02:14', '0', '{\"code\":200,\"msg\":\"成功\"}');
INSERT INTO `logs` VALUES ('1006', 'http://localhost:8081/login', 'GET', '0:0:0:0:0:0:0:1', 'com.flowyj.pcenter.controller.LoginController.login', 'userName=admin,password=123456,', '2018-05-28 14:03:09', '2018-05-28 14:03:09', '0', '{\"code\":200,\"msg\":\"成功\"}');
INSERT INTO `logs` VALUES ('1007', 'http://localhost:8081/login', 'GET', '0:0:0:0:0:0:0:1', 'com.flowyj.pcenter.controller.LoginController.login', 'userName=admin,password=123456,', '2018-05-28 14:09:55', '2018-05-28 14:09:55', '0', '{\"code\":200,\"data\":{\"sessionId\":\"46EFFA03053F27C7AF8737F587989350\",\"menu\":[{\"gid\":1,\"icon\":\"fa-tachometer\",\"menuList\":[],\"menuName\":\"总控制台\",\"url\":\"index.html\"},{\"gid\":2,\"icon\":\"fa-tachometer\",\"menuList\":[{\"gid\":7,\"icon\":\"fa-tachometer\",\"menuName\":\"邮件模板\",\"url\":\"setting.html\"},{\"gid\":8,\"icon\":\"fa-tachometer\",\"menuName\":\"邮件列表\",\"url\":\"setting.html\"}],\"menuName\":\"邮件管理\",\"url\":\"email.html\"},{\"gid\":3,\"icon\":\"fa-tachometer\",\"menuList\":[{\"gid\":9,\"icon\":\"fa-tachometer\",\"menuName\":\"商品列表\",\"url\":\"setting.html\"}],\"menuName\":\"商品管理\",\"url\":\"goods.html\"},{\"gid\":4,\"icon\":\"fa-tachometer\",\"menuList\":[{\"gid\":10,\"icon\":\"fa-tachometer\",\"menuName\":\"历史列表\",\"url\":\"setting.html\"}],\"menuName\":\"历史管理\",\"url\":\"history.html\"},{\"gid\":5,\"icon\":\"fa-tachometer\",\"menuList\":[{\"gid\":11,\"icon\":\"fa-tachometer\",\"menuName\":\"工资列表\",\"url\":\"setting.html\"}],\"menuName\":\"工资管理\",\"url\":\"salary.html\"},{\"gid\":6,\"icon\":\"fa-tachometer\",\"menuList\":[{\"gid\":12,\"icon\":\"fa-tachometer\",\"menuName\":\"项目配置\",\"url\":\"setting.html\"},{\"gid\":13,\"icon\":\"fa-tachometer\",\"menuName\":\"用户配置\",\"url\":\"setting.html\"},{\"gid\":14,\"icon\":\"fa-tachometer\",\"menuName\":\"角色配置\",\"url\":\"setting.html\"},{\"gid\":15,\"icon\":\"fa-tachometer\",\"menuName\":\"工资配置\",\"url\":\"setting.html\"},{\"gid\":16,\"icon\":\"fa-tachometer\",\"menuName\":\"日志记录\",\"url\":\"logs.html\"}],\"menuName\":\"系统设置\",\"url\":\"setting.html\"}],\"user\":{\"createTime\":\"2018-05-24 17:49:26.0\",\"email\":\"1193418905@qq.com\",\"gid\":1,\"loginTime\":\"2018-05-28 14:09:55\",\"password\":\"98F6FAD709E28617CF0421CC885C484F\",\"roleId\":1,\"roleName\":\"超级管理员\",\"status\":0,\"updateTime\":\"2018-05-24 17:49:30.0\",\"userName\":\"admin\"}},\"msg\":\"成功\"}');
INSERT INTO `logs` VALUES ('1008', 'http://localhost:8081/loginOut', 'GET', '0:0:0:0:0:0:0:1', 'com.flowyj.pcenter.controller.LoginController.loginOut', 'sessionId=46EFFA03053F27C7AF8737F587989350,', '2018-05-28 14:11:23', '2018-05-28 14:11:24', '0', '{\"code\":200,\"msg\":\"成功\"}');
INSERT INTO `logs` VALUES ('1009', 'http://localhost:8081/login', 'GET', '0:0:0:0:0:0:0:1', 'com.flowyj.pcenter.controller.LoginController.login', 'userName=admin,password=123456,', '2018-05-28 14:11:27', '2018-05-28 14:11:27', '0', '{\"code\":200,\"msg\":\"成功\"}');
INSERT INTO `logs` VALUES ('1010', 'http://localhost:8081/login', 'GET', '0:0:0:0:0:0:0:1', 'com.flowyj.pcenter.controller.LoginController.login', 'userName=admin,password=123456,', '2018-05-28 14:14:33', '2018-05-28 14:14:33', '0', '\"200成功\"');
INSERT INTO `logs` VALUES ('1011', 'http://localhost:8081/logs/logsList', 'GET', '0:0:0:0:0:0:0:1', 'com.flowyj.pcenter.controller.LogsController.findLogsList', 'sessionId=46EFFA03053F27C7AF8737F587989350,pageNum=1,pageSize=10,', '2018-05-28 14:14:41', '2018-05-28 14:14:41', '0', '\"200成功\"');
INSERT INTO `logs` VALUES ('1012', 'http://localhost:8081/logs/logsList', 'GET', '0:0:0:0:0:0:0:1', 'com.flowyj.pcenter.controller.LogsController.findLogsList', 'sessionId=46EFFA03053F27C7AF8737F587989350,pageNum=1,pageSize=10,', '2018-05-28 14:24:58', '2018-05-28 14:24:58', '0', '\"200成功\"');
INSERT INTO `logs` VALUES ('1013', 'http://localhost:8081/logs/logsList', 'GET', '0:0:0:0:0:0:0:1', 'com.flowyj.pcenter.controller.LogsController.findLogsList', 'sessionId=46EFFA03053F27C7AF8737F587989350,pageNum=1,pageSize=10,', '2018-05-28 14:26:56', '2018-05-28 14:26:56', '0', '\"200成功\"');
INSERT INTO `logs` VALUES ('1014', 'http://localhost:8081/logs/logsList', 'GET', '0:0:0:0:0:0:0:1', 'com.flowyj.pcenter.controller.LogsController.findLogsList', 'sessionId=46EFFA03053F27C7AF8737F587989350,pageNum=1,pageSize=10,', '2018-05-28 14:26:57', '2018-05-28 14:26:57', '0', '\"200成功\"');
INSERT INTO `logs` VALUES ('1015', 'http://localhost:8081/login', 'GET', '0:0:0:0:0:0:0:1', 'com.flowyj.pcenter.controller.LoginController.login', 'userName=admin,password=123456,', '2018-05-28 14:39:23', '2018-05-28 14:39:23', '0', '\"200成功\"');
INSERT INTO `logs` VALUES ('1016', 'http://localhost:8081/logs/logsList', 'GET', '0:0:0:0:0:0:0:1', 'com.flowyj.pcenter.controller.LogsController.findLogsList', 'sessionId=46EFFA03053F27C7AF8737F587989350,pageNum=1,pageSize=10,', '2018-05-28 14:39:51', '2018-05-28 14:39:51', '0', '\"200成功\"');
INSERT INTO `logs` VALUES ('1017', 'http://localhost:8081/logs/logsList', 'GET', '0:0:0:0:0:0:0:1', 'com.flowyj.pcenter.controller.LogsController.findLogsList', 'sessionId=46EFFA03053F27C7AF8737F587989350,pageNum=1,pageSize=10,', '2018-05-28 14:40:54', '2018-05-28 14:40:55', '0', '\"200成功\"');
INSERT INTO `logs` VALUES ('1018', 'http://localhost:8081/logs/logsList', 'GET', '0:0:0:0:0:0:0:1', 'com.flowyj.pcenter.controller.LogsController.findLogsList', 'sessionId=46EFFA03053F27C7AF8737F587989350,pageNum=2,pageSize=10,', '2018-05-28 14:40:59', '2018-05-28 14:40:59', '0', '\"200成功\"');
INSERT INTO `logs` VALUES ('1019', 'http://localhost:8081/logs/logsList', 'GET', '0:0:0:0:0:0:0:1', 'com.flowyj.pcenter.controller.LogsController.findLogsList', 'sessionId=46EFFA03053F27C7AF8737F587989350,pageNum=3,pageSize=10,', '2018-05-28 14:41:01', '2018-05-28 14:41:01', '0', '\"200成功\"');
INSERT INTO `logs` VALUES ('1020', 'http://localhost:8081/logs/logsList', 'GET', '0:0:0:0:0:0:0:1', 'com.flowyj.pcenter.controller.LogsController.findLogsList', 'sessionId=46EFFA03053F27C7AF8737F587989350,pageNum=4,pageSize=10,', '2018-05-28 14:41:04', '2018-05-28 14:41:04', '0', '\"200成功\"');
INSERT INTO `logs` VALUES ('1021', 'http://localhost:8081/logs/logsList', 'GET', '0:0:0:0:0:0:0:1', 'com.flowyj.pcenter.controller.LogsController.findLogsList', 'sessionId=46EFFA03053F27C7AF8737F587989350,pageNum=5,pageSize=10,', '2018-05-28 14:41:06', '2018-05-28 14:41:06', '0', '\"200成功\"');
INSERT INTO `logs` VALUES ('1022', 'http://localhost:8081/logs/logsList', 'GET', '0:0:0:0:0:0:0:1', 'com.flowyj.pcenter.controller.LogsController.findLogsList', 'sessionId=46EFFA03053F27C7AF8737F587989350,pageNum=6,pageSize=10,', '2018-05-28 14:41:08', '2018-05-28 14:41:08', '0', '\"200成功\"');
INSERT INTO `logs` VALUES ('1023', 'http://localhost:8081/logs/logsList', 'GET', '0:0:0:0:0:0:0:1', 'com.flowyj.pcenter.controller.LogsController.findLogsList', 'sessionId=46EFFA03053F27C7AF8737F587989350,pageNum=8,pageSize=10,', '2018-05-28 14:41:16', '2018-05-28 14:41:16', '0', '\"200成功\"');
INSERT INTO `logs` VALUES ('1024', 'http://localhost:8081/logs/logsList', 'GET', '0:0:0:0:0:0:0:1', 'com.flowyj.pcenter.controller.LogsController.findLogsList', 'sessionId=46EFFA03053F27C7AF8737F587989350,pageNum=1,pageSize=10,', '2018-05-28 14:41:22', '2018-05-28 14:41:23', '0', '\"200成功\"');
INSERT INTO `logs` VALUES ('1025', 'http://localhost:8081/logs/logsList', 'GET', '0:0:0:0:0:0:0:1', 'com.flowyj.pcenter.controller.LogsController.findLogsList', 'sessionId=46EFFA03053F27C7AF8737F587989350,pageNum=6,pageSize=10,', '2018-05-28 14:41:27', '2018-05-28 14:41:27', '0', '\"200成功\"');
INSERT INTO `logs` VALUES ('1026', 'http://localhost:8081/logs/logsList', 'GET', '0:0:0:0:0:0:0:1', 'com.flowyj.pcenter.controller.LogsController.findLogsList', 'sessionId=46EFFA03053F27C7AF8737F587989350,pageNum=1,pageSize=10,', '2018-05-28 14:44:30', '2018-05-28 14:44:30', '0', '\"200成功\"');
INSERT INTO `logs` VALUES ('1027', 'http://localhost:8081/logs/logsList', 'GET', '0:0:0:0:0:0:0:1', 'com.flowyj.pcenter.controller.LogsController.findLogsList', 'sessionId=46EFFA03053F27C7AF8737F587989350,pageNum=6,pageSize=10,', '2018-05-28 14:44:35', '2018-05-28 14:44:35', '0', '\"200成功\"');
INSERT INTO `logs` VALUES ('1028', 'http://localhost:8081/logs/logsList', 'GET', '0:0:0:0:0:0:0:1', 'com.flowyj.pcenter.controller.LogsController.findLogsList', 'sessionId=46EFFA03053F27C7AF8737F587989350,pageNum=1,pageSize=10,', '2018-05-28 14:45:14', '2018-05-28 14:45:14', '0', '\"200成功\"');
INSERT INTO `logs` VALUES ('1029', 'http://localhost:8081/logs/logsList', 'GET', '0:0:0:0:0:0:0:1', 'com.flowyj.pcenter.controller.LogsController.findLogsList', 'sessionId=46EFFA03053F27C7AF8737F587989350,pageNum=7,pageSize=10,', '2018-05-28 14:45:20', '2018-05-28 14:45:20', '0', '\"200成功\"');
INSERT INTO `logs` VALUES ('1030', 'http://localhost:8081/logs/logsList', 'GET', '0:0:0:0:0:0:0:1', 'com.flowyj.pcenter.controller.LogsController.findLogsList', 'sessionId=46EFFA03053F27C7AF8737F587989350,pageNum=1,pageSize=10,', '2018-05-28 14:45:32', '2018-05-28 14:45:32', '0', '\"200成功\"');
INSERT INTO `logs` VALUES ('1031', 'http://localhost:8081/logs/logsList', 'GET', '0:0:0:0:0:0:0:1', 'com.flowyj.pcenter.controller.LogsController.findLogsList', 'sessionId=46EFFA03053F27C7AF8737F587989350,pageNum=1,pageSize=10,', '2018-05-28 14:46:56', '2018-05-28 14:46:56', '0', '\"200成功\"');
INSERT INTO `logs` VALUES ('1032', 'http://localhost:8081/logs/logsList', 'GET', '0:0:0:0:0:0:0:1', 'com.flowyj.pcenter.controller.LogsController.findLogsList', 'sessionId=46EFFA03053F27C7AF8737F587989350,pageNum=7,pageSize=10,', '2018-05-28 14:46:59', '2018-05-28 14:46:59', '0', '\"200成功\"');
INSERT INTO `logs` VALUES ('1033', 'http://localhost:8081/logs/logsList', 'GET', '0:0:0:0:0:0:0:1', 'com.flowyj.pcenter.controller.LogsController.findLogsList', 'sessionId=46EFFA03053F27C7AF8737F587989350,pageNum=8,pageSize=10,', '2018-05-28 14:47:01', '2018-05-28 14:47:01', '0', '\"200成功\"');
INSERT INTO `logs` VALUES ('1034', 'http://localhost:8081/logs/logsList', 'GET', '0:0:0:0:0:0:0:1', 'com.flowyj.pcenter.controller.LogsController.findLogsList', 'sessionId=46EFFA03053F27C7AF8737F587989350,pageNum=1,pageSize=10,', '2018-05-28 14:47:31', '2018-05-28 14:47:31', '0', '\"200成功\"');
INSERT INTO `logs` VALUES ('1035', 'http://localhost:8081/logs/logsList', 'GET', '0:0:0:0:0:0:0:1', 'com.flowyj.pcenter.controller.LogsController.findLogsList', 'sessionId=46EFFA03053F27C7AF8737F587989350,pageNum=7,pageSize=10,', '2018-05-28 14:47:33', '2018-05-28 14:47:33', '0', '\"200成功\"');
INSERT INTO `logs` VALUES ('1036', 'http://localhost:8081/logs/logsList', 'GET', '0:0:0:0:0:0:0:1', 'com.flowyj.pcenter.controller.LogsController.findLogsList', 'sessionId=46EFFA03053F27C7AF8737F587989350,pageNum=7,pageSize=10,', '2018-05-28 14:47:35', '2018-05-28 14:47:35', '0', '\"200成功\"');
INSERT INTO `logs` VALUES ('1037', 'http://localhost:8081/logs/logsList', 'GET', '0:0:0:0:0:0:0:1', 'com.flowyj.pcenter.controller.LogsController.findLogsList', 'sessionId=46EFFA03053F27C7AF8737F587989350,pageNum=7,pageSize=10,', '2018-05-28 14:47:37', '2018-05-28 14:47:37', '0', '\"200成功\"');
INSERT INTO `logs` VALUES ('1038', 'http://localhost:8081/logs/logsList', 'GET', '0:0:0:0:0:0:0:1', 'com.flowyj.pcenter.controller.LogsController.findLogsList', 'sessionId=46EFFA03053F27C7AF8737F587989350,pageNum=7,pageSize=10,', '2018-05-28 14:47:38', '2018-05-28 14:47:38', '0', '\"200成功\"');
INSERT INTO `logs` VALUES ('1039', 'http://localhost:8081/logs/logsList', 'GET', '0:0:0:0:0:0:0:1', 'com.flowyj.pcenter.controller.LogsController.findLogsList', 'sessionId=46EFFA03053F27C7AF8737F587989350,pageNum=7,pageSize=10,', '2018-05-28 14:47:39', '2018-05-28 14:47:39', '0', '\"200成功\"');
INSERT INTO `logs` VALUES ('1040', 'http://localhost:8081/logs/logsList', 'GET', '0:0:0:0:0:0:0:1', 'com.flowyj.pcenter.controller.LogsController.findLogsList', 'sessionId=46EFFA03053F27C7AF8737F587989350,pageNum=8,pageSize=10,', '2018-05-28 14:47:40', '2018-05-28 14:47:40', '0', '\"200成功\"');
INSERT INTO `logs` VALUES ('1041', 'http://localhost:8081/logs/logsList', 'GET', '0:0:0:0:0:0:0:1', 'com.flowyj.pcenter.controller.LogsController.findLogsList', 'sessionId=46EFFA03053F27C7AF8737F587989350,pageNum=8,pageSize=10,', '2018-05-28 14:47:42', '2018-05-28 14:47:42', '0', '\"200成功\"');
INSERT INTO `logs` VALUES ('1042', 'http://localhost:8081/logs/logsList', 'GET', '0:0:0:0:0:0:0:1', 'com.flowyj.pcenter.controller.LogsController.findLogsList', 'sessionId=46EFFA03053F27C7AF8737F587989350,pageNum=1,pageSize=10,', '2018-05-28 14:47:51', '2018-05-28 14:47:51', '0', '\"200成功\"');
INSERT INTO `logs` VALUES ('1043', 'http://localhost:8081/logs/logsList', 'GET', '0:0:0:0:0:0:0:1', 'com.flowyj.pcenter.controller.LogsController.findLogsList', 'sessionId=46EFFA03053F27C7AF8737F587989350,pageNum=1,pageSize=10,', '2018-05-28 14:53:09', '2018-05-28 14:53:09', '0', '\"200成功\"');
INSERT INTO `logs` VALUES ('1044', 'http://localhost:8081/logs/logsList', 'GET', '0:0:0:0:0:0:0:1', 'com.flowyj.pcenter.controller.LogsController.findLogsList', 'sessionId=46EFFA03053F27C7AF8737F587989350,pageNum=8,pageSize=10,', '2018-05-28 14:53:11', '2018-05-28 14:53:11', '0', '\"200成功\"');
INSERT INTO `logs` VALUES ('1045', 'http://localhost:8081/logs/logsList', 'GET', '0:0:0:0:0:0:0:1', 'com.flowyj.pcenter.controller.LogsController.findLogsList', 'sessionId=46EFFA03053F27C7AF8737F587989350,pageNum=1,pageSize=10,', '2018-05-28 14:53:17', '2018-05-28 14:53:17', '0', '\"200成功\"');
INSERT INTO `logs` VALUES ('1046', 'http://localhost:8081/logs/logsList', 'GET', '0:0:0:0:0:0:0:1', 'com.flowyj.pcenter.controller.LogsController.findLogsList', 'sessionId=46EFFA03053F27C7AF8737F587989350,pageNum=8,pageSize=10,', '2018-05-28 14:53:21', '2018-05-28 14:53:21', '0', '\"200成功\"');
INSERT INTO `logs` VALUES ('1047', 'http://localhost:8081/logs/logsList', 'GET', '0:0:0:0:0:0:0:1', 'com.flowyj.pcenter.controller.LogsController.findLogsList', 'sessionId=46EFFA03053F27C7AF8737F587989350,pageNum=1,pageSize=10,', '2018-05-28 14:53:26', '2018-05-28 14:53:26', '0', '\"200成功\"');
INSERT INTO `logs` VALUES ('1048', 'http://localhost:8081/logs/logsList', 'GET', '0:0:0:0:0:0:0:1', 'com.flowyj.pcenter.controller.LogsController.findLogsList', 'sessionId=46EFFA03053F27C7AF8737F587989350,pageNum=2,pageSize=10,', '2018-05-28 14:53:40', '2018-05-28 14:53:40', '0', '\"200成功\"');
INSERT INTO `logs` VALUES ('1049', 'http://localhost:8081/logs/logsList', 'GET', '0:0:0:0:0:0:0:1', 'com.flowyj.pcenter.controller.LogsController.findLogsList', 'sessionId=46EFFA03053F27C7AF8737F587989350,pageNum=3,pageSize=10,', '2018-05-28 14:53:41', '2018-05-28 14:53:41', '0', '\"200成功\"');
INSERT INTO `logs` VALUES ('1050', 'http://localhost:8081/logs/logsList', 'GET', '0:0:0:0:0:0:0:1', 'com.flowyj.pcenter.controller.LogsController.findLogsList', 'sessionId=46EFFA03053F27C7AF8737F587989350,pageNum=4,pageSize=10,', '2018-05-28 14:53:41', '2018-05-28 14:53:41', '0', '\"200成功\"');
INSERT INTO `logs` VALUES ('1051', 'http://localhost:8081/logs/logsList', 'GET', '0:0:0:0:0:0:0:1', 'com.flowyj.pcenter.controller.LogsController.findLogsList', 'sessionId=46EFFA03053F27C7AF8737F587989350,pageNum=5,pageSize=10,', '2018-05-28 14:53:42', '2018-05-28 14:53:42', '0', '\"200成功\"');
INSERT INTO `logs` VALUES ('1052', 'http://localhost:8081/logs/logsList', 'GET', '0:0:0:0:0:0:0:1', 'com.flowyj.pcenter.controller.LogsController.findLogsList', 'sessionId=46EFFA03053F27C7AF8737F587989350,pageNum=6,pageSize=10,', '2018-05-28 14:53:45', '2018-05-28 14:53:45', '0', '\"200成功\"');
INSERT INTO `logs` VALUES ('1053', 'http://localhost:8081/logs/logsList', 'GET', '0:0:0:0:0:0:0:1', 'com.flowyj.pcenter.controller.LogsController.findLogsList', 'sessionId=46EFFA03053F27C7AF8737F587989350,pageNum=7,pageSize=10,', '2018-05-28 14:53:48', '2018-05-28 14:53:48', '0', '\"200成功\"');
INSERT INTO `logs` VALUES ('1054', 'http://localhost:8081/logs/logsList', 'GET', '0:0:0:0:0:0:0:1', 'com.flowyj.pcenter.controller.LogsController.findLogsList', 'sessionId=46EFFA03053F27C7AF8737F587989350,pageNum=8,pageSize=10,', '2018-05-28 14:53:49', '2018-05-28 14:53:49', '0', '\"200成功\"');
INSERT INTO `logs` VALUES ('1055', 'http://localhost:8081/logs/logsList', 'GET', '0:0:0:0:0:0:0:1', 'com.flowyj.pcenter.controller.LogsController.findLogsList', 'sessionId=46EFFA03053F27C7AF8737F587989350,pageNum=9,pageSize=10,', '2018-05-28 14:53:50', '2018-05-28 14:53:50', '0', '\"200成功\"');
INSERT INTO `logs` VALUES ('1056', 'http://localhost:8081/logs/logsList', 'GET', '0:0:0:0:0:0:0:1', 'com.flowyj.pcenter.controller.LogsController.findLogsList', 'sessionId=46EFFA03053F27C7AF8737F587989350,pageNum=1,pageSize=10,', '2018-05-28 14:53:57', '2018-05-28 14:53:57', '0', '\"200成功\"');
INSERT INTO `logs` VALUES ('1057', 'http://localhost:8081/login', 'GET', '0:0:0:0:0:0:0:1', 'com.flowyj.pcenter.controller.LoginController.login', 'userName=admin,password=123456,', '2018-05-28 15:23:23', '2018-05-28 15:23:23', '0', '\"200成功\"');
INSERT INTO `logs` VALUES ('1058', 'http://localhost:8081/logs/logsList', 'GET', '0:0:0:0:0:0:0:1', 'com.flowyj.pcenter.controller.LogsController.findLogsList', 'sessionId=46EFFA03053F27C7AF8737F587989350,pageNum=1,pageSize=10,', '2018-05-28 15:23:30', '2018-05-28 15:23:30', '0', '\"200成功\"');
INSERT INTO `logs` VALUES ('1059', 'http://localhost:8081/logs/logsList', 'GET', '0:0:0:0:0:0:0:1', 'com.flowyj.pcenter.controller.LogsController.findLogsList', 'sessionId=46EFFA03053F27C7AF8737F587989350,pageNum=2,pageSize=10,', '2018-05-28 15:23:43', '2018-05-28 15:23:43', '0', '\"200成功\"');
INSERT INTO `logs` VALUES ('1060', 'http://localhost:8081/logs/logsList', 'GET', '0:0:0:0:0:0:0:1', 'com.flowyj.pcenter.controller.LogsController.findLogsList', 'sessionId=46EFFA03053F27C7AF8737F587989350,pageNum=1,pageSize=10,', '2018-05-28 15:23:45', '2018-05-28 15:23:45', '0', '\"200成功\"');
INSERT INTO `logs` VALUES ('1061', 'http://localhost:8081/logs/logsList', 'GET', '0:0:0:0:0:0:0:1', 'com.flowyj.pcenter.controller.LogsController.findLogsList', 'sessionId=46EFFA03053F27C7AF8737F587989350,pageNum=2,pageSize=10,', '2018-05-28 15:24:08', '2018-05-28 15:24:08', '0', '\"200成功\"');
INSERT INTO `logs` VALUES ('1062', 'http://localhost:8081/logs/logsList', 'GET', '0:0:0:0:0:0:0:1', 'com.flowyj.pcenter.controller.LogsController.findLogsList', 'sessionId=46EFFA03053F27C7AF8737F587989350,pageNum=1,pageSize=10,', '2018-05-28 15:24:10', '2018-05-28 15:24:10', '0', '\"200成功\"');
INSERT INTO `logs` VALUES ('1063', 'http://localhost:8081/logs/logsList', 'GET', '0:0:0:0:0:0:0:1', 'com.flowyj.pcenter.controller.LogsController.findLogsList', 'sessionId=46EFFA03053F27C7AF8737F587989350,pageNum=1,pageSize=10,', '2018-05-28 15:24:19', '2018-05-28 15:24:19', '0', '\"200成功\"');
INSERT INTO `logs` VALUES ('1064', 'http://localhost:8081/logs/logsList', 'GET', '0:0:0:0:0:0:0:1', 'com.flowyj.pcenter.controller.LogsController.findLogsList', 'sessionId=46EFFA03053F27C7AF8737F587989350,pageNum=1,pageSize=10,', '2018-05-28 15:24:38', '2018-05-28 15:24:39', '0', '\"200成功\"');
INSERT INTO `logs` VALUES ('1065', 'http://localhost:8081/logs/logsList', 'GET', '0:0:0:0:0:0:0:1', 'com.flowyj.pcenter.controller.LogsController.findLogsList', 'sessionId=46EFFA03053F27C7AF8737F587989350,pageNum=2,pageSize=10,', '2018-05-28 15:24:43', '2018-05-28 15:24:43', '0', '\"200成功\"');
INSERT INTO `logs` VALUES ('1066', 'http://localhost:8081/logs/logsList', 'GET', '0:0:0:0:0:0:0:1', 'com.flowyj.pcenter.controller.LogsController.findLogsList', 'sessionId=46EFFA03053F27C7AF8737F587989350,pageNum=1,pageSize=10,', '2018-05-28 15:26:13', '2018-05-28 15:26:13', '0', '\"200成功\"');
INSERT INTO `logs` VALUES ('1067', 'http://localhost:8081/logs/logsList', 'GET', '0:0:0:0:0:0:0:1', 'com.flowyj.pcenter.controller.LogsController.findLogsList', 'sessionId=46EFFA03053F27C7AF8737F587989350,pageNum=2,pageSize=10,', '2018-05-28 15:26:15', '2018-05-28 15:26:15', '0', '\"200成功\"');
INSERT INTO `logs` VALUES ('1068', 'http://localhost:8081/logs/logsList', 'GET', '0:0:0:0:0:0:0:1', 'com.flowyj.pcenter.controller.LogsController.findLogsList', 'sessionId=46EFFA03053F27C7AF8737F587989350,pageNum=1,pageSize=10,', '2018-05-28 15:26:16', '2018-05-28 15:26:16', '0', '\"200成功\"');
INSERT INTO `logs` VALUES ('1069', 'http://localhost:8081/logs/logsList', 'GET', '0:0:0:0:0:0:0:1', 'com.flowyj.pcenter.controller.LogsController.findLogsList', 'sessionId=46EFFA03053F27C7AF8737F587989350,pageNum=7,pageSize=10,', '2018-05-28 15:26:17', '2018-05-28 15:26:18', '0', '\"200成功\"');
INSERT INTO `logs` VALUES ('1070', 'http://localhost:8081/logs/logsList', 'GET', '0:0:0:0:0:0:0:1', 'com.flowyj.pcenter.controller.LogsController.findLogsList', 'sessionId=46EFFA03053F27C7AF8737F587989350,pageNum=6,pageSize=10,', '2018-05-28 15:26:20', '2018-05-28 15:26:20', '0', '\"200成功\"');
INSERT INTO `logs` VALUES ('1071', 'http://localhost:8081/logs/logsList', 'GET', '0:0:0:0:0:0:0:1', 'com.flowyj.pcenter.controller.LogsController.findLogsList', 'sessionId=46EFFA03053F27C7AF8737F587989350,pageNum=5,pageSize=10,', '2018-05-28 15:26:21', '2018-05-28 15:26:21', '0', '\"200成功\"');
INSERT INTO `logs` VALUES ('1072', 'http://localhost:8081/logs/logsList', 'GET', '0:0:0:0:0:0:0:1', 'com.flowyj.pcenter.controller.LogsController.findLogsList', 'sessionId=46EFFA03053F27C7AF8737F587989350,pageNum=4,pageSize=10,', '2018-05-28 15:26:22', '2018-05-28 15:26:22', '0', '\"200成功\"');
INSERT INTO `logs` VALUES ('1073', 'http://localhost:8081/logs/logsList', 'GET', '0:0:0:0:0:0:0:1', 'com.flowyj.pcenter.controller.LogsController.findLogsList', 'sessionId=46EFFA03053F27C7AF8737F587989350,pageNum=3,pageSize=10,', '2018-05-28 15:26:22', '2018-05-28 15:26:22', '0', '\"200成功\"');
INSERT INTO `logs` VALUES ('1074', 'http://localhost:8081/logs/logsList', 'GET', '0:0:0:0:0:0:0:1', 'com.flowyj.pcenter.controller.LogsController.findLogsList', 'sessionId=46EFFA03053F27C7AF8737F587989350,pageNum=2,pageSize=10,', '2018-05-28 15:26:22', '2018-05-28 15:26:23', '0', '\"200成功\"');
INSERT INTO `logs` VALUES ('1075', 'http://localhost:8081/logs/logsList', 'GET', '0:0:0:0:0:0:0:1', 'com.flowyj.pcenter.controller.LogsController.findLogsList', 'sessionId=46EFFA03053F27C7AF8737F587989350,pageNum=1,pageSize=10,', '2018-05-28 15:26:23', '2018-05-28 15:26:23', '0', '\"200成功\"');
INSERT INTO `logs` VALUES ('1076', 'http://localhost:8081/logs/logsList', 'GET', '0:0:0:0:0:0:0:1', 'com.flowyj.pcenter.controller.LogsController.findLogsList', 'sessionId=46EFFA03053F27C7AF8737F587989350,pageNum=1,pageSize=10,', '2018-05-28 15:33:28', '2018-05-28 15:33:28', '0', '\"200成功\"');
INSERT INTO `logs` VALUES ('1077', 'http://localhost:8081/logs/logsList', 'GET', '0:0:0:0:0:0:0:1', 'com.flowyj.pcenter.controller.LogsController.findLogsList', 'sessionId=46EFFA03053F27C7AF8737F587989350,pageNum=1,pageSize=10,', '2018-05-28 15:33:28', '2018-05-28 15:33:28', '0', '\"200成功\"');
INSERT INTO `logs` VALUES ('1078', 'http://localhost:8081/logs/logsList', 'GET', '0:0:0:0:0:0:0:1', 'com.flowyj.pcenter.controller.LogsController.findLogsList', 'sessionId=46EFFA03053F27C7AF8737F587989350,pageNum=1,pageSize=10,', '2018-05-28 15:33:28', '2018-05-28 15:33:28', '0', '\"200成功\"');
INSERT INTO `logs` VALUES ('1079', 'http://localhost:8081/loginOut', 'GET', '0:0:0:0:0:0:0:1', 'com.flowyj.pcenter.controller.LoginController.loginOut', 'sessionId=46EFFA03053F27C7AF8737F587989350,', '2018-05-28 15:33:30', '2018-05-28 15:33:30', '0', '\"200成功\"');
INSERT INTO `logs` VALUES ('1080', 'http://localhost:8081/login', 'GET', '0:0:0:0:0:0:0:1', 'com.flowyj.pcenter.controller.LoginController.login', 'userName=admin,password=123456,', '2018-05-28 15:33:32', '2018-05-28 15:33:32', '0', '\"200成功\"');
INSERT INTO `logs` VALUES ('1081', 'http://localhost:8081/loginOut', 'GET', '0:0:0:0:0:0:0:1', 'com.flowyj.pcenter.controller.LoginController.loginOut', 'sessionId=46EFFA03053F27C7AF8737F587989350,', '2018-05-28 15:34:13', '2018-05-28 15:34:13', '0', '\"200成功\"');
INSERT INTO `logs` VALUES ('1082', 'http://localhost:8081/login', 'GET', '0:0:0:0:0:0:0:1', 'com.flowyj.pcenter.controller.LoginController.login', 'userName=admin,password=123456,', '2018-05-28 15:34:15', '2018-05-28 15:34:15', '0', '\"200成功\"');
INSERT INTO `logs` VALUES ('1083', 'http://localhost:8081/login', 'GET', '0:0:0:0:0:0:0:1', 'com.flowyj.pcenter.controller.LoginController.login', 'userName=admin,password=123456,', '2018-05-28 16:08:01', '2018-05-28 16:08:02', '0', '\"200成功\"');
INSERT INTO `logs` VALUES ('1084', 'http://localhost:8081/loginOut', 'GET', '0:0:0:0:0:0:0:1', 'com.flowyj.pcenter.controller.LoginController.loginOut', 'sessionId=46EFFA03053F27C7AF8737F587989350,', '2018-05-28 16:14:46', '2018-05-28 16:14:46', '0', '\"200成功\"');
INSERT INTO `logs` VALUES ('1085', 'http://localhost:8081/login', 'GET', '0:0:0:0:0:0:0:1', 'com.flowyj.pcenter.controller.LoginController.login', 'userName=admin,password=123456,', '2018-05-28 16:14:48', '2018-05-28 16:14:48', '0', '\"200成功\"');
INSERT INTO `logs` VALUES ('1086', 'http://localhost:8081/logs/logsList', 'GET', '0:0:0:0:0:0:0:1', 'com.flowyj.pcenter.controller.LogsController.findLogsList', 'sessionId=46EFFA03053F27C7AF8737F587989350,pageNum=1,pageSize=10,', '2018-05-28 16:18:49', '2018-05-28 16:18:50', '0', '\"200成功\"');
INSERT INTO `logs` VALUES ('1087', 'http://localhost:8081/timeLine/list', 'GET', '0:0:0:0:0:0:0:1', 'com.flowyj.pcenter.controller.TimeLineController.list', 'sessionId=46EFFA03053F27C7AF8737F587989350,userName=admin,', '2018-05-28 16:22:20', '2018-05-28 16:22:20', '0', '\"200成功\"');
INSERT INTO `logs` VALUES ('1088', 'http://localhost:8081/login', 'GET', '0:0:0:0:0:0:0:1', 'com.flowyj.pcenter.controller.LoginController.login', 'userName=admin,password=123456,', '2018-05-28 17:01:07', '2018-05-28 17:01:07', '0', '\"200成功\"');
INSERT INTO `logs` VALUES ('1089', 'http://localhost:8081/timeLine/list', 'GET', '0:0:0:0:0:0:0:1', 'com.flowyj.pcenter.controller.TimeLineController.list', 'sessionId=46EFFA03053F27C7AF8737F587989350,userName=admin,', '2018-05-28 17:02:14', '2018-05-28 17:02:14', '0', '\"200成功\"');
INSERT INTO `logs` VALUES ('1090', 'http://localhost:8081/timeLine/list', 'GET', '0:0:0:0:0:0:0:1', 'com.flowyj.pcenter.controller.TimeLineController.list', 'sessionId=46EFFA03053F27C7AF8737F587989350,userName=admin,', '2018-05-28 17:06:24', '2018-05-28 17:06:24', '0', null);
INSERT INTO `logs` VALUES ('1091', 'http://localhost:8081/timeLine/list', 'GET', '0:0:0:0:0:0:0:1', 'com.flowyj.pcenter.controller.TimeLineController.list', 'sessionId=46EFFA03053F27C7AF8737F587989350,userName=admin,', '2018-05-28 17:08:22', '2018-05-28 17:08:22', '0', '\"200成功\"');
INSERT INTO `logs` VALUES ('1092', 'http://localhost:8081/timeLine/list', 'GET', '0:0:0:0:0:0:0:1', 'com.flowyj.pcenter.controller.TimeLineController.list', 'sessionId=46EFFA03053F27C7AF8737F587989350,userName=admin,', '2018-05-28 17:13:40', '2018-05-28 17:13:40', '0', null);
INSERT INTO `logs` VALUES ('1093', 'http://localhost:8081/timeLine/list', 'GET', '0:0:0:0:0:0:0:1', 'com.flowyj.pcenter.controller.TimeLineController.list', 'sessionId=46EFFA03053F27C7AF8737F587989350,userName=admin,', '2018-05-28 17:13:56', '2018-05-28 17:16:38', '162', null);
INSERT INTO `logs` VALUES ('1094', 'http://localhost:8081/timeLine/list', 'GET', '0:0:0:0:0:0:0:1', 'com.flowyj.pcenter.controller.TimeLineController.list', 'sessionId=46EFFA03053F27C7AF8737F587989350,userName=admin,', '2018-05-28 17:19:09', '2018-05-28 17:20:21', '72', '\"200成功\"');
INSERT INTO `logs` VALUES ('1095', 'http://localhost:8081/timeLine/list', 'GET', '0:0:0:0:0:0:0:1', 'com.flowyj.pcenter.controller.TimeLineController.list', 'sessionId=46EFFA03053F27C7AF8737F587989350,userName=admin,', '2018-05-28 17:20:43', '2018-05-28 17:22:36', '112', '\"200成功\"');
INSERT INTO `logs` VALUES ('1096', 'http://localhost:8081/login', 'POST', '0:0:0:0:0:0:0:1', 'com.flowyj.pcenter.controller.LoginController.login', 'userName=admin,password=123456,', '2018-05-29 11:01:20', '2018-05-29 11:01:22', '1', null);
INSERT INTO `logs` VALUES ('1097', 'http://localhost:8081/login', 'POST', '0:0:0:0:0:0:0:1', 'com.flowyj.pcenter.controller.LoginController.login', 'userName=admin,password=123456,', '2018-05-29 11:02:07', '2018-05-29 11:02:08', '1', null);
INSERT INTO `logs` VALUES ('1098', 'http://localhost:8081/login', 'POST', '0:0:0:0:0:0:0:1', 'com.flowyj.pcenter.controller.LoginController.login', 'userName=admin,password=123456,', '2018-05-29 11:07:37', '2018-05-29 11:07:38', '0', '\"200成功\"');
INSERT INTO `logs` VALUES ('1099', 'http://localhost:8081/login', 'POST', '0:0:0:0:0:0:0:1', 'com.flowyj.pcenter.controller.LoginController.login', 'userName=admin,password=123456,', '2018-05-29 11:11:51', '2018-05-29 11:11:51', '0', '\"200成功\"');
INSERT INTO `logs` VALUES ('1100', 'http://localhost:8081/login', 'POST', '0:0:0:0:0:0:0:1', 'com.flowyj.pcenter.controller.LoginController.login', 'userName=admin,password=123456,', '2018-05-29 11:13:26', '2018-05-29 11:13:27', '0', '\"200成功\"');
INSERT INTO `logs` VALUES ('1101', 'http://localhost:8081/login', 'POST', '0:0:0:0:0:0:0:1', 'com.flowyj.pcenter.controller.LoginController.login', 'userName=admin,password=123456,', '2018-05-29 11:13:30', '2018-05-29 11:13:30', '0', '\"200成功\"');
INSERT INTO `logs` VALUES ('1102', 'http://localhost:8081/login', 'POST', '0:0:0:0:0:0:0:1', 'com.flowyj.pcenter.controller.LoginController.login', 'userName=admin,password=123456,', '2018-05-29 11:14:13', '2018-05-29 11:14:13', '0', '\"200成功\"');
INSERT INTO `logs` VALUES ('1103', 'http://localhost:8081/login', 'POST', '0:0:0:0:0:0:0:1', 'com.flowyj.pcenter.controller.LoginController.login', 'userName=admin,password=123456,', '2018-05-29 11:14:30', '2018-05-29 11:14:30', '0', '\"200成功\"');
INSERT INTO `logs` VALUES ('1104', 'http://localhost:8081/login', 'POST', '0:0:0:0:0:0:0:1', 'com.flowyj.pcenter.controller.LoginController.login', 'userName=admin,password=123456,', '2018-05-29 11:17:42', '2018-05-29 11:17:42', '0', '\"200成功\"');
INSERT INTO `logs` VALUES ('1105', 'http://localhost:8081/login', 'POST', '0:0:0:0:0:0:0:1', 'com.flowyj.pcenter.controller.LoginController.login', 'userName=admin,password=1234561,', '2018-05-29 11:18:14', '2018-05-29 11:18:14', '0', null);
INSERT INTO `logs` VALUES ('1106', 'http://localhost:8081/login', 'POST', '0:0:0:0:0:0:0:1', 'com.flowyj.pcenter.controller.LoginController.login', 'userName=admi,password=,', '2018-05-29 11:21:10', '2018-05-29 11:21:10', '0', null);
INSERT INTO `logs` VALUES ('1107', 'http://localhost:8081/login', 'POST', '0:0:0:0:0:0:0:1', 'com.flowyj.pcenter.controller.LoginController.login', 'userName=,password=,', '2018-05-29 11:21:16', '2018-05-29 11:21:16', '0', null);
INSERT INTO `logs` VALUES ('1108', 'http://localhost:8081/login', 'POST', '0:0:0:0:0:0:0:1', 'com.flowyj.pcenter.controller.LoginController.login', 'userName=,password=,', '2018-05-29 11:21:19', '2018-05-29 11:21:19', '0', null);
INSERT INTO `logs` VALUES ('1109', 'http://localhost:8081/login', 'POST', '0:0:0:0:0:0:0:1', 'com.flowyj.pcenter.controller.LoginController.login', 'userName=admin,password=123456,', '2018-05-29 11:24:15', '2018-05-29 11:24:15', '0', '\"200成功\"');
INSERT INTO `logs` VALUES ('1110', 'http://localhost:8081/login', 'POST', '0:0:0:0:0:0:0:1', 'com.flowyj.pcenter.controller.LoginController.login', 'userName=admin,password=123456,', '2018-05-29 11:25:05', '2018-05-29 11:25:05', '0', '\"200成功\"');
INSERT INTO `logs` VALUES ('1111', 'http://localhost:8081/login', 'POST', '0:0:0:0:0:0:0:1', 'com.flowyj.pcenter.controller.LoginController.login', 'userName=admin,password=123456,', '2018-05-29 11:25:19', '2018-05-29 11:25:19', '0', '\"200成功\"');
INSERT INTO `logs` VALUES ('1112', 'http://localhost:8081/login', 'POST', '0:0:0:0:0:0:0:1', 'com.flowyj.pcenter.controller.LoginController.login', 'userName=admin,password=123456,', '2018-05-29 11:26:27', '2018-05-29 11:26:27', '0', '\"200成功\"');
INSERT INTO `logs` VALUES ('1113', 'http://localhost:8081/login', 'POST', '0:0:0:0:0:0:0:1', 'com.flowyj.pcenter.controller.LoginController.login', 'userName=admin,password=123456,', '2018-05-29 11:26:56', '2018-05-29 11:26:56', '0', '\"200成功\"');
INSERT INTO `logs` VALUES ('1114', 'http://localhost:8081/login', 'POST', '0:0:0:0:0:0:0:1', 'com.flowyj.pcenter.controller.LoginController.login', 'userName=admin,password=123456,', '2018-05-29 11:26:58', '2018-05-29 11:26:58', '0', '\"200成功\"');
INSERT INTO `logs` VALUES ('1115', 'http://localhost:8081/login', 'POST', '0:0:0:0:0:0:0:1', 'com.flowyj.pcenter.controller.LoginController.login', 'userName=admin,password=123456,', '2018-05-29 11:26:59', '2018-05-29 11:26:59', '0', '\"200成功\"');
INSERT INTO `logs` VALUES ('1116', 'http://localhost:8081/login', 'POST', '0:0:0:0:0:0:0:1', 'com.flowyj.pcenter.controller.LoginController.login', 'userName=admin,password=123456,', '2018-05-29 11:27:00', '2018-05-29 11:27:00', '0', '\"200成功\"');
INSERT INTO `logs` VALUES ('1117', 'http://localhost:8081/login', 'POST', '0:0:0:0:0:0:0:1', 'com.flowyj.pcenter.controller.LoginController.login', 'userName=admin,password=123456,', '2018-05-29 11:27:14', '2018-05-29 11:27:14', '0', '\"200成功\"');
INSERT INTO `logs` VALUES ('1118', 'http://localhost:8081/login', 'POST', '0:0:0:0:0:0:0:1', 'com.flowyj.pcenter.controller.LoginController.login', 'userName=admin,password=123456,', '2018-05-29 11:27:24', '2018-05-29 11:27:24', '0', '\"200成功\"');
INSERT INTO `logs` VALUES ('1119', 'http://localhost:8081/login', 'POST', '0:0:0:0:0:0:0:1', 'com.flowyj.pcenter.controller.LoginController.login', 'userName=admin,password=123456,', '2018-05-29 11:27:59', '2018-05-29 11:28:00', '0', '\"200成功\"');
INSERT INTO `logs` VALUES ('1120', 'http://localhost:8081/login', 'POST', '0:0:0:0:0:0:0:1', 'com.flowyj.pcenter.controller.LoginController.login', 'userName=admin,password=123456,', '2018-05-29 11:28:08', '2018-05-29 11:28:08', '0', '\"200成功\"');
INSERT INTO `logs` VALUES ('1121', 'http://localhost:8081/login', 'POST', '0:0:0:0:0:0:0:1', 'com.flowyj.pcenter.controller.LoginController.login', 'userName=admin,password=123456,', '2018-05-29 11:28:13', '2018-05-29 11:28:13', '0', '\"200成功\"');
INSERT INTO `logs` VALUES ('1122', 'http://localhost:8081/login', 'POST', '0:0:0:0:0:0:0:1', 'com.flowyj.pcenter.controller.LoginController.login', 'userName=admin,password=123456,', '2018-05-29 11:28:48', '2018-05-29 11:28:48', '0', '\"200成功\"');
INSERT INTO `logs` VALUES ('1123', 'http://localhost:8081/login', 'POST', '0:0:0:0:0:0:0:1', 'com.flowyj.pcenter.controller.LoginController.login', 'userName=admin,password=123456,', '2018-05-29 11:28:55', '2018-05-29 11:28:55', '0', '\"200成功\"');
INSERT INTO `logs` VALUES ('1124', 'http://localhost:8081/login', 'POST', '0:0:0:0:0:0:0:1', 'com.flowyj.pcenter.controller.LoginController.login', 'userName=admin,password=123456,', '2018-05-29 11:29:42', '2018-05-29 11:29:43', '0', '\"200成功\"');
INSERT INTO `logs` VALUES ('1125', 'http://localhost:8081/login', 'POST', '0:0:0:0:0:0:0:1', 'com.flowyj.pcenter.controller.LoginController.login', 'userName=admin,password=123456,', '2018-05-29 11:30:29', '2018-05-29 11:30:29', '0', '\"200成功\"');
INSERT INTO `logs` VALUES ('1126', 'http://localhost:8081/login', 'POST', '0:0:0:0:0:0:0:1', 'com.flowyj.pcenter.controller.LoginController.login', 'userName=admin,password=1234562,', '2018-05-29 11:30:33', '2018-05-29 11:30:33', '0', null);
INSERT INTO `logs` VALUES ('1127', 'http://localhost:8081/login', 'POST', '0:0:0:0:0:0:0:1', 'com.flowyj.pcenter.controller.LoginController.login', 'userName=admin1,password=1234562,', '2018-05-29 11:30:37', '2018-05-29 11:30:37', '0', null);
INSERT INTO `logs` VALUES ('1128', 'http://localhost:8081/login', 'POST', '0:0:0:0:0:0:0:1', 'com.flowyj.pcenter.controller.LoginController.login', 'userName=admin,password=123456,', '2018-05-29 11:44:35', '2018-05-29 11:44:35', '0', '\"200成功\"');
INSERT INTO `logs` VALUES ('1129', 'http://localhost:8081/login', 'POST', '0:0:0:0:0:0:0:1', 'com.flowyj.pcenter.controller.LoginController.login', 'userName=admin,password=123456,', '2018-05-29 13:35:15', '2018-05-29 13:35:16', '0', '\"200成功\"');
INSERT INTO `logs` VALUES ('1130', 'http://localhost:8081/login', 'POST', '0:0:0:0:0:0:0:1', 'com.flowyj.pcenter.controller.LoginController.login', 'userName=flowyj,password=123456,', '2018-05-29 13:42:55', '2018-05-29 13:42:55', '0', '\"200成功\"');
INSERT INTO `logs` VALUES ('1131', 'http://localhost:8081/login', 'POST', '0:0:0:0:0:0:0:1', 'com.flowyj.pcenter.controller.LoginController.login', 'userName=admin,password=123456,', '2018-05-29 13:46:08', '2018-05-29 13:46:08', '0', '\"200成功\"');
INSERT INTO `logs` VALUES ('1132', 'http://localhost:8081/login', 'POST', '0:0:0:0:0:0:0:1', 'com.flowyj.pcenter.controller.LoginController.login', 'userName=admin,password=123456,', '2018-05-29 14:22:06', '2018-05-29 14:22:07', '0', '\"200成功\"');
INSERT INTO `logs` VALUES ('1133', 'http://localhost:8081/login', 'POST', '0:0:0:0:0:0:0:1', 'com.flowyj.pcenter.controller.LoginController.login', 'userName=flowyj,password=123456,', '2018-05-29 14:47:32', '2018-05-29 14:47:32', '0', '\"200成功\"');
INSERT INTO `logs` VALUES ('1134', 'http://localhost:8081/loginOut', 'GET', '0:0:0:0:0:0:0:1', 'com.flowyj.pcenter.controller.LoginController.loginOut', 'sessionId=F643D79380C89FA4674EB8CBEB54639B,', '2018-05-29 14:58:49', '2018-05-29 14:58:50', '0', '\"200成功\"');
INSERT INTO `logs` VALUES ('1135', 'http://localhost:8081/login', 'POST', '0:0:0:0:0:0:0:1', 'com.flowyj.pcenter.controller.LoginController.login', 'userName=flowyj,password=123456,', '2018-05-29 14:58:51', '2018-05-29 14:58:51', '0', '\"200成功\"');
INSERT INTO `logs` VALUES ('1136', 'http://localhost:8081/loginOut', 'GET', '0:0:0:0:0:0:0:1', 'com.flowyj.pcenter.controller.LoginController.loginOut', 'sessionId=F643D79380C89FA4674EB8CBEB54639B,', '2018-05-29 15:12:38', '2018-05-29 15:12:38', '0', '\"200成功\"');
INSERT INTO `logs` VALUES ('1137', 'http://localhost:8081/login', 'POST', '0:0:0:0:0:0:0:1', 'com.flowyj.pcenter.controller.LoginController.login', 'userName=flowyj,password=123456,', '2018-05-29 15:12:39', '2018-05-29 15:12:39', '0', '\"200成功\"');
INSERT INTO `logs` VALUES ('1138', 'http://localhost:8081/loginOut', 'GET', '0:0:0:0:0:0:0:1', 'com.flowyj.pcenter.controller.LoginController.loginOut', 'sessionId=F643D79380C89FA4674EB8CBEB54639B,', '2018-05-29 15:14:23', '2018-05-29 15:14:23', '0', '\"200成功\"');
INSERT INTO `logs` VALUES ('1139', 'http://localhost:8081/login', 'POST', '0:0:0:0:0:0:0:1', 'com.flowyj.pcenter.controller.LoginController.login', 'userName=flowyj,password=123456,', '2018-05-29 15:14:25', '2018-05-29 15:14:25', '0', '\"200成功\"');
INSERT INTO `logs` VALUES ('1140', 'http://localhost:8081/loginOut', 'GET', '0:0:0:0:0:0:0:1', 'com.flowyj.pcenter.controller.LoginController.loginOut', 'sessionId=F643D79380C89FA4674EB8CBEB54639B,', '2018-05-29 15:19:10', '2018-05-29 15:19:10', '0', '\"200成功\"');
INSERT INTO `logs` VALUES ('1141', 'http://localhost:8081/login', 'POST', '0:0:0:0:0:0:0:1', 'com.flowyj.pcenter.controller.LoginController.login', 'userName=flowyj,password=123456,', '2018-05-29 15:19:11', '2018-05-29 15:19:11', '0', '\"200成功\"');
INSERT INTO `logs` VALUES ('1142', 'http://localhost:8081/loginOut', 'GET', '0:0:0:0:0:0:0:1', 'com.flowyj.pcenter.controller.LoginController.loginOut', 'sessionId=F643D79380C89FA4674EB8CBEB54639B,', '2018-05-29 15:23:00', '2018-05-29 15:23:01', '0', '\"200成功\"');
INSERT INTO `logs` VALUES ('1143', 'http://localhost:8081/login', 'POST', '0:0:0:0:0:0:0:1', 'com.flowyj.pcenter.controller.LoginController.login', 'userName=flowyj,password=123456,', '2018-05-29 15:23:02', '2018-05-29 15:23:02', '0', '\"200成功\"');
INSERT INTO `logs` VALUES ('1144', 'http://localhost:8081/loginOut', 'GET', '0:0:0:0:0:0:0:1', 'com.flowyj.pcenter.controller.LoginController.loginOut', 'sessionId=F643D79380C89FA4674EB8CBEB54639B,', '2018-05-29 15:32:30', '2018-05-29 15:32:30', '0', '\"200成功\"');
INSERT INTO `logs` VALUES ('1145', 'http://localhost:8081/login', 'POST', '0:0:0:0:0:0:0:1', 'com.flowyj.pcenter.controller.LoginController.login', 'userName=flowyj,password=123456,', '2018-05-29 15:32:32', '2018-05-29 15:32:32', '0', '\"200成功\"');
INSERT INTO `logs` VALUES ('1146', 'http://localhost:8081/loginOut', 'GET', '0:0:0:0:0:0:0:1', 'com.flowyj.pcenter.controller.LoginController.loginOut', 'sessionId=F643D79380C89FA4674EB8CBEB54639B,', '2018-05-29 15:37:20', '2018-05-29 15:37:20', '0', '\"200成功\"');
INSERT INTO `logs` VALUES ('1147', 'http://localhost:8081/login', 'POST', '0:0:0:0:0:0:0:1', 'com.flowyj.pcenter.controller.LoginController.login', 'userName=flowyj,password=123456,', '2018-05-29 15:37:21', '2018-05-29 15:37:21', '0', '\"200成功\"');
INSERT INTO `logs` VALUES ('1148', 'http://localhost:8081/loginOut', 'GET', '0:0:0:0:0:0:0:1', 'com.flowyj.pcenter.controller.LoginController.loginOut', 'sessionId=F643D79380C89FA4674EB8CBEB54639B,', '2018-05-29 15:38:41', '2018-05-29 15:38:41', '0', '\"200成功\"');
INSERT INTO `logs` VALUES ('1149', 'http://localhost:8081/login', 'POST', '0:0:0:0:0:0:0:1', 'com.flowyj.pcenter.controller.LoginController.login', 'userName=flowyj,password=123456,', '2018-05-29 15:38:42', '2018-05-29 15:38:43', '0', '\"200成功\"');
INSERT INTO `logs` VALUES ('1150', 'http://localhost:8081/loginOut', 'GET', '0:0:0:0:0:0:0:1', 'com.flowyj.pcenter.controller.LoginController.loginOut', 'sessionId=F643D79380C89FA4674EB8CBEB54639B,', '2018-05-29 15:39:16', '2018-05-29 15:39:16', '0', '\"200成功\"');
INSERT INTO `logs` VALUES ('1151', 'http://localhost:8081/login', 'POST', '0:0:0:0:0:0:0:1', 'com.flowyj.pcenter.controller.LoginController.login', 'userName=flowyj,password=123456,', '2018-05-29 15:39:17', '2018-05-29 15:39:17', '0', '\"200成功\"');
INSERT INTO `logs` VALUES ('1152', 'http://localhost:8081/login', 'POST', '0:0:0:0:0:0:0:1', 'com.flowyj.pcenter.controller.LoginController.login', 'userName=flowyj,password=123456,', '2018-05-29 16:11:35', '2018-05-29 16:11:36', '0', '\"200成功\"');
INSERT INTO `logs` VALUES ('1153', 'http://localhost:8081/login', 'POST', '0:0:0:0:0:0:0:1', 'com.flowyj.pcenter.controller.LoginController.login', 'userName=flowyj,password=123456,', '2018-05-29 16:12:42', '2018-05-29 16:12:42', '0', '\"200成功\"');
INSERT INTO `logs` VALUES ('1154', 'http://localhost:8081/login', 'POST', '0:0:0:0:0:0:0:1', 'com.flowyj.pcenter.controller.LoginController.login', 'userName=flowyj,password=123456,', '2018-05-29 16:14:49', '2018-05-29 16:14:49', '0', '\"200成功\"');
INSERT INTO `logs` VALUES ('1155', 'http://localhost:8081/login', 'POST', '0:0:0:0:0:0:0:1', 'com.flowyj.pcenter.controller.LoginController.login', 'userName=flowyj,password=123456,', '2018-05-29 16:19:50', '2018-05-29 16:19:50', '0', '\"200成功\"');
INSERT INTO `logs` VALUES ('1156', 'http://localhost:8081/login', 'POST', '0:0:0:0:0:0:0:1', 'com.flowyj.pcenter.controller.LoginController.login', 'userName=flowyj,password=123456,', '2018-05-29 16:24:28', '2018-05-29 16:24:28', '0', '\"200成功\"');
INSERT INTO `logs` VALUES ('1157', 'http://localhost:8081/login', 'POST', '0:0:0:0:0:0:0:1', 'com.flowyj.pcenter.controller.LoginController.login', 'userName=flowyj,password=123456,', '2018-05-29 16:25:07', '2018-05-29 16:25:07', '0', '\"200成功\"');
INSERT INTO `logs` VALUES ('1158', 'http://localhost:8081/login', 'POST', '0:0:0:0:0:0:0:1', 'com.flowyj.pcenter.controller.LoginController.login', 'userName=flowyj,password=123456,', '2018-05-29 16:34:54', '2018-05-29 16:34:54', '0', '\"200成功\"');
INSERT INTO `logs` VALUES ('1159', 'http://localhost:8081/login', 'POST', '0:0:0:0:0:0:0:1', 'com.flowyj.pcenter.controller.LoginController.login', 'userName=flowyj,password=123456,', '2018-05-29 16:35:04', '2018-05-29 16:35:05', '0', '\"200成功\"');
INSERT INTO `logs` VALUES ('1160', 'http://localhost:8081/login', 'POST', '0:0:0:0:0:0:0:1', 'com.flowyj.pcenter.controller.LoginController.login', 'userName=flowyj,password=123456,', '2018-05-29 16:35:37', '2018-05-29 16:35:37', '0', '\"200成功\"');
INSERT INTO `logs` VALUES ('1161', 'http://localhost:8081/loginOut', 'GET', '0:0:0:0:0:0:0:1', 'com.flowyj.pcenter.controller.LoginController.loginOut', 'sessionId=F643D79380C89FA4674EB8CBEB54639B,', '2018-05-29 16:50:12', '2018-05-29 16:50:12', '0', '\"200成功\"');
INSERT INTO `logs` VALUES ('1162', 'http://localhost:8081/login', 'POST', '0:0:0:0:0:0:0:1', 'com.flowyj.pcenter.controller.LoginController.login', 'userName=flowyj,password=123456,', '2018-05-29 16:50:13', '2018-05-29 16:50:13', '0', '\"200成功\"');
INSERT INTO `logs` VALUES ('1163', 'http://localhost:8081/loginOut', 'GET', '0:0:0:0:0:0:0:1', 'com.flowyj.pcenter.controller.LoginController.loginOut', 'sessionId=F643D79380C89FA4674EB8CBEB54639B,', '2018-05-29 16:59:59', '2018-05-29 17:00:00', '0', '\"200成功\"');
INSERT INTO `logs` VALUES ('1164', 'http://localhost:8081/login', 'POST', '0:0:0:0:0:0:0:1', 'com.flowyj.pcenter.controller.LoginController.login', 'userName=flowyj,password=123456,', '2018-05-29 17:00:02', '2018-05-29 17:00:02', '0', '\"200成功\"');
INSERT INTO `logs` VALUES ('1165', 'http://localhost:8081/loginOut', 'GET', '0:0:0:0:0:0:0:1', 'com.flowyj.pcenter.controller.LoginController.loginOut', 'sessionId=F643D79380C89FA4674EB8CBEB54639B,', '2018-05-29 17:00:46', '2018-05-29 17:00:47', '0', '\"200成功\"');
INSERT INTO `logs` VALUES ('1166', 'http://localhost:8081/login', 'POST', '0:0:0:0:0:0:0:1', 'com.flowyj.pcenter.controller.LoginController.login', 'userName=admin,password=123456,', '2018-05-29 17:00:52', '2018-05-29 17:00:52', '0', '\"200成功\"');
INSERT INTO `logs` VALUES ('1167', 'http://localhost:8081/loginOut', 'GET', '0:0:0:0:0:0:0:1', 'com.flowyj.pcenter.controller.LoginController.loginOut', 'sessionId=46EFFA03053F27C7AF8737F587989350,', '2018-05-29 17:06:51', '2018-05-29 17:06:51', '0', '\"200成功\"');
INSERT INTO `logs` VALUES ('1168', 'http://localhost:8081/login', 'POST', '0:0:0:0:0:0:0:1', 'com.flowyj.pcenter.controller.LoginController.login', 'userName=admin,password=123456,', '2018-05-29 17:06:52', '2018-05-29 17:06:52', '0', '\"200成功\"');
INSERT INTO `logs` VALUES ('1169', 'http://localhost:8081/loginOut', 'GET', '0:0:0:0:0:0:0:1', 'com.flowyj.pcenter.controller.LoginController.loginOut', 'sessionId=46EFFA03053F27C7AF8737F587989350,', '2018-05-29 17:09:54', '2018-05-29 17:09:54', '0', '\"200成功\"');
INSERT INTO `logs` VALUES ('1170', 'http://localhost:8081/login', 'POST', '0:0:0:0:0:0:0:1', 'com.flowyj.pcenter.controller.LoginController.login', 'userName=admin,password=123456,', '2018-05-29 17:09:59', '2018-05-29 17:09:59', '0', null);
INSERT INTO `logs` VALUES ('1171', 'http://localhost:8081/login', 'POST', '0:0:0:0:0:0:0:1', 'com.flowyj.pcenter.controller.LoginController.login', 'userName=admin,password=123456,', '2018-05-29 17:10:05', '2018-05-29 17:10:05', '0', '\"200成功\"');
INSERT INTO `logs` VALUES ('1172', 'http://localhost:8081/login', 'POST', '0:0:0:0:0:0:0:1', 'com.flowyj.pcenter.controller.LoginController.login', 'userName=admin,password=123456,', '2018-05-29 17:52:50', '2018-05-29 17:52:51', '0', '\"200成功\"');
INSERT INTO `logs` VALUES ('1173', 'http://localhost:8081/role/findAllRole', 'GET', '0:0:0:0:0:0:0:1', 'com.flowyj.pcenter.controller.RoleController.findAllRole', 'sessionId=46EFFA03053F27C7AF8737F587989350,', '2018-05-29 17:53:43', '2018-05-29 17:53:44', '0', '\"200成功\"');
INSERT INTO `logs` VALUES ('1174', 'http://localhost:8081/loginOut', 'GET', '0:0:0:0:0:0:0:1', 'com.flowyj.pcenter.controller.LoginController.loginOut', 'sessionId=46EFFA03053F27C7AF8737F587989350,', '2018-05-29 17:53:50', '2018-05-29 17:53:50', '0', '\"200成功\"');
INSERT INTO `logs` VALUES ('1175', 'http://localhost:8081/login', 'POST', '0:0:0:0:0:0:0:1', 'com.flowyj.pcenter.controller.LoginController.login', 'userName=admin,password=123456,', '2018-05-29 17:53:53', '2018-05-29 17:53:53', '0', '\"200成功\"');
INSERT INTO `logs` VALUES ('1176', 'http://localhost:8081/role/findAllRole', 'GET', '0:0:0:0:0:0:0:1', 'com.flowyj.pcenter.controller.RoleController.findAllRole', 'sessionId=46EFFA03053F27C7AF8737F587989350,', '2018-05-29 17:53:56', '2018-05-29 17:53:56', '0', '\"200成功\"');
INSERT INTO `logs` VALUES ('1177', 'http://localhost:8081/role/findAllRole', 'GET', '0:0:0:0:0:0:0:1', 'com.flowyj.pcenter.controller.RoleController.findAllRole', 'sessionId=46EFFA03053F27C7AF8737F587989350,', '2018-05-29 17:54:58', '2018-05-29 17:54:58', '0', '\"200成功\"');
INSERT INTO `logs` VALUES ('1178', 'http://localhost:8081/role/findAllRole', 'GET', '0:0:0:0:0:0:0:1', 'com.flowyj.pcenter.controller.RoleController.findAllRole', 'sessionId=46EFFA03053F27C7AF8737F587989350,', '2018-05-29 17:55:23', '2018-05-29 17:55:23', '0', '\"200成功\"');
INSERT INTO `logs` VALUES ('1179', 'http://localhost:8081/role/findAllRole', 'GET', '0:0:0:0:0:0:0:1', 'com.flowyj.pcenter.controller.RoleController.findAllRole', 'sessionId=46EFFA03053F27C7AF8737F587989350,', '2018-05-29 17:55:46', '2018-05-29 17:55:46', '0', '\"200成功\"');
INSERT INTO `logs` VALUES ('1180', 'http://localhost:8081/role/findAllRole', 'GET', '0:0:0:0:0:0:0:1', 'com.flowyj.pcenter.controller.RoleController.findAllRole', 'sessionId=46EFFA03053F27C7AF8737F587989350,', '2018-05-29 18:00:30', '2018-05-29 18:00:30', '0', '\"200成功\"');
INSERT INTO `logs` VALUES ('1181', 'http://localhost:8081/role/findAllRole', 'GET', '0:0:0:0:0:0:0:1', 'com.flowyj.pcenter.controller.RoleController.findAllRole', 'sessionId=46EFFA03053F27C7AF8737F587989350,', '2018-05-29 18:01:01', '2018-05-29 18:01:01', '0', '\"200成功\"');
INSERT INTO `logs` VALUES ('1182', 'http://localhost:8081/role/findAllRole', 'GET', '0:0:0:0:0:0:0:1', 'com.flowyj.pcenter.controller.RoleController.findAllRole', 'sessionId=46EFFA03053F27C7AF8737F587989350,', '2018-05-29 18:02:48', '2018-05-29 18:02:48', '0', '\"200成功\"');
INSERT INTO `logs` VALUES ('1183', 'http://localhost:8081/role/findAllRole', 'GET', '0:0:0:0:0:0:0:1', 'com.flowyj.pcenter.controller.RoleController.findAllRole', 'sessionId=46EFFA03053F27C7AF8737F587989350,', '2018-05-29 18:04:56', '2018-05-29 18:04:56', '0', '\"200成功\"');
INSERT INTO `logs` VALUES ('1184', 'http://localhost:8081/role/findAllRole', 'GET', '0:0:0:0:0:0:0:1', 'com.flowyj.pcenter.controller.RoleController.findAllRole', 'sessionId=46EFFA03053F27C7AF8737F587989350,', '2018-05-29 18:08:31', '2018-05-29 18:08:31', '0', '\"200成功\"');
INSERT INTO `logs` VALUES ('1185', 'http://localhost:8081/loginOut', 'GET', '0:0:0:0:0:0:0:1', 'com.flowyj.pcenter.controller.LoginController.loginOut', 'sessionId=46EFFA03053F27C7AF8737F587989350,', '2018-05-29 18:13:34', '2018-05-29 18:13:34', '0', '\"200成功\"');
INSERT INTO `logs` VALUES ('1186', 'http://localhost:8081/login', 'POST', '0:0:0:0:0:0:0:1', 'com.flowyj.pcenter.controller.LoginController.login', 'userName=admin,password=123456,', '2018-05-29 18:13:36', '2018-05-29 18:13:36', '0', '\"200成功\"');
INSERT INTO `logs` VALUES ('1187', 'http://localhost:8081/role/findAllRole', 'GET', '0:0:0:0:0:0:0:1', 'com.flowyj.pcenter.controller.RoleController.findAllRole', 'sessionId=46EFFA03053F27C7AF8737F587989350,', '2018-05-29 18:13:39', '2018-05-29 18:13:39', '0', '\"200成功\"');
INSERT INTO `logs` VALUES ('1188', 'http://localhost:8081/loginOut', 'GET', '0:0:0:0:0:0:0:1', 'com.flowyj.pcenter.controller.LoginController.loginOut', 'sessionId=46EFFA03053F27C7AF8737F587989350,', '2018-05-29 18:15:19', '2018-05-29 18:15:19', '0', '\"200成功\"');
INSERT INTO `logs` VALUES ('1189', 'http://localhost:8081/login', 'POST', '0:0:0:0:0:0:0:1', 'com.flowyj.pcenter.controller.LoginController.login', 'userName=admin,password=123456,', '2018-05-29 18:15:21', '2018-05-29 18:15:21', '0', '\"200成功\"');
INSERT INTO `logs` VALUES ('1190', 'http://localhost:8081/role/findAllRole', 'GET', '0:0:0:0:0:0:0:1', 'com.flowyj.pcenter.controller.RoleController.findAllRole', 'sessionId=46EFFA03053F27C7AF8737F587989350,', '2018-05-29 18:15:23', '2018-05-29 18:15:23', '0', '\"200成功\"');
INSERT INTO `logs` VALUES ('1191', 'http://localhost:8081/role/findAllRole', 'GET', '0:0:0:0:0:0:0:1', 'com.flowyj.pcenter.controller.RoleController.findAllRole', 'sessionId=46EFFA03053F27C7AF8737F587989350,', '2018-05-29 18:18:04', '2018-05-29 18:18:04', '0', '\"200成功\"');
INSERT INTO `logs` VALUES ('1192', 'http://localhost:8081/loginOut', 'GET', '0:0:0:0:0:0:0:1', 'com.flowyj.pcenter.controller.LoginController.loginOut', 'sessionId=46EFFA03053F27C7AF8737F587989350,', '2018-05-29 18:20:52', '2018-05-29 18:20:52', '0', '\"200成功\"');
INSERT INTO `logs` VALUES ('1193', 'http://localhost:8081/login', 'POST', '0:0:0:0:0:0:0:1', 'com.flowyj.pcenter.controller.LoginController.login', 'userName=admin,password=123456,', '2018-05-29 18:20:54', '2018-05-29 18:20:54', '0', '\"200成功\"');
INSERT INTO `logs` VALUES ('1194', 'http://localhost:8081/loginOut', 'GET', '0:0:0:0:0:0:0:1', 'com.flowyj.pcenter.controller.LoginController.loginOut', 'sessionId=46EFFA03053F27C7AF8737F587989350,', '2018-05-29 18:21:30', '2018-05-29 18:21:30', '0', '\"200成功\"');
INSERT INTO `logs` VALUES ('1195', 'http://localhost:8081/login', 'POST', '0:0:0:0:0:0:0:1', 'com.flowyj.pcenter.controller.LoginController.login', 'userName=admin,password=123456,', '2018-05-29 18:21:37', '2018-05-29 18:21:37', '0', '\"200成功\"');
INSERT INTO `logs` VALUES ('1196', 'http://localhost:8081/role/findAllRole', 'GET', '0:0:0:0:0:0:0:1', 'com.flowyj.pcenter.controller.RoleController.findAllRole', 'sessionId=46EFFA03053F27C7AF8737F587989350,', '2018-05-29 18:22:41', '2018-05-29 18:22:41', '0', '\"200成功\"');
INSERT INTO `logs` VALUES ('1197', 'http://localhost:8081/role/findAllRole', 'GET', '0:0:0:0:0:0:0:1', 'com.flowyj.pcenter.controller.RoleController.findAllRole', 'sessionId=46EFFA03053F27C7AF8737F587989350,', '2018-05-29 18:22:50', '2018-05-29 18:22:50', '0', '\"200成功\"');

-- ----------------------------
-- Table structure for menu
-- ----------------------------
DROP TABLE IF EXISTS `menu`;
CREATE TABLE `menu` (
  `gid` int(22) NOT NULL AUTO_INCREMENT,
  `icon` varchar(32) DEFAULT NULL COMMENT '图标',
  `menu_name` varchar(32) DEFAULT NULL COMMENT '菜单名称',
  `url` varchar(64) DEFAULT NULL COMMENT '请求路径',
  `parent_code` int(2) DEFAULT NULL COMMENT '父类编码',
  `code` int(2) DEFAULT NULL COMMENT '本身编码',
  `belong` int(2) DEFAULT NULL COMMENT '所属项目',
  `version` bigint(20) DEFAULT NULL COMMENT '版本',
  `create_time` datetime DEFAULT NULL,
  `update_time` datetime DEFAULT NULL,
  `status` int(2) DEFAULT NULL COMMENT '0.启用 1.禁用',
  PRIMARY KEY (`gid`)
) ENGINE=InnoDB AUTO_INCREMENT=17 DEFAULT CHARSET=utf8;

-- ----------------------------
-- Records of menu
-- ----------------------------
INSERT INTO `menu` VALUES ('1', '&#xe6b8;', '总控制台', 'index.html', '0', '1', '1', '1', '2018-05-25 14:32:03', '2018-05-25 14:32:06', '0');
INSERT INTO `menu` VALUES ('2', '&#xe72d;', '邮件管理', 'email.html', '0', '2', '2', '1', '2018-05-25 15:05:30', '2018-05-25 15:05:33', '0');
INSERT INTO `menu` VALUES ('3', '&#xe6db;', '商品管理', 'goods.html', '0', '3', '3', '1', '2018-05-25 15:12:46', '2018-05-25 15:12:49', '0');
INSERT INTO `menu` VALUES ('4', '&#xe6bf;', '历史管理', 'history.html', '0', '4', '1', '1', '2018-05-25 15:14:47', '2018-05-25 15:14:31', '0');
INSERT INTO `menu` VALUES ('5', '&#xe702;', '工资管理', 'salary.html', '0', '5', '4', '1', '2018-05-25 15:14:44', '2018-05-25 15:14:35', '0');
INSERT INTO `menu` VALUES ('6', '&#xe6ae;', '系统设置', 'setting.html', '0', '6', '1', '1', '2018-05-25 15:14:42', '2018-05-25 15:14:40', '0');
INSERT INTO `menu` VALUES ('7', '&#xe6fe;', '邮件模板', 'setting.html', '2', '7', '2', '1', '2018-05-25 15:14:42', '2018-05-25 15:14:40', '0');
INSERT INTO `menu` VALUES ('8', '&#xe6fe;', '邮件列表', 'setting.html', '2', '8', '2', '1', '2018-05-25 14:32:03', '2018-05-25 14:32:06', '0');
INSERT INTO `menu` VALUES ('9', '&#xe6fe;', '商品列表', 'setting.html', '3', '9', '3', '1', '2018-05-25 15:05:30', '2018-05-25 15:05:33', '0');
INSERT INTO `menu` VALUES ('10', '&#xe6fe;', '时间轴', 'time_line.html', '4', '10', '1', '1', '2018-05-25 15:12:46', '2018-05-25 15:12:49', '0');
INSERT INTO `menu` VALUES ('11', '&#xe6fe;', '工资列表', 'setting.html', '5', '11', '4', '1', '2018-05-25 15:14:47', '2018-05-25 15:14:31', '0');
INSERT INTO `menu` VALUES ('12', '&#xe6fe;', '项目配置', 'setting.html', '6', '12', '1', '1', '2018-05-25 15:14:44', '2018-05-25 15:14:35', '0');
INSERT INTO `menu` VALUES ('13', '&#xe6fe;', '用户配置', 'setting.html', '6', '13', '1', '1', '2018-05-25 15:14:42', '2018-05-25 15:14:40', '0');
INSERT INTO `menu` VALUES ('14', '&#xe6fe;', '角色配置', 'setting.html', '6', '14', '1', '1', '2018-05-25 15:14:42', '2018-05-25 15:14:40', '0');
INSERT INTO `menu` VALUES ('15', '&#xe6fe;', '工资配置', 'setting.html', '6', '15', '1', '1', '2018-05-25 15:14:42', '2018-05-25 15:14:40', '0');
INSERT INTO `menu` VALUES ('16', '&#xe6fe;', '日志记录', 'logs.html', '6', '16', '1', '1', '2018-05-25 15:14:42', '2018-05-25 15:14:40', '0');

-- ----------------------------
-- Table structure for menu_role
-- ----------------------------
DROP TABLE IF EXISTS `menu_role`;
CREATE TABLE `menu_role` (
  `gid` bigint(22) NOT NULL AUTO_INCREMENT,
  `role_id` bigint(22) DEFAULT NULL,
  `menu_id` bigint(22) DEFAULT NULL,
  `version` bigint(20) DEFAULT NULL COMMENT '版本',
  `create_time` datetime DEFAULT NULL,
  `update_time` datetime DEFAULT NULL,
  `status` int(2) DEFAULT NULL COMMENT '0.启用 1.禁用',
  PRIMARY KEY (`gid`)
) ENGINE=InnoDB AUTO_INCREMENT=17 DEFAULT CHARSET=utf8;

-- ----------------------------
-- Records of menu_role
-- ----------------------------
INSERT INTO `menu_role` VALUES ('1', '1', '1', '1', '2018-05-25 15:26:38', '2018-05-25 15:26:40', '0');
INSERT INTO `menu_role` VALUES ('2', '1', '2', '1', '2018-05-25 15:26:38', '2018-05-25 15:26:40', '0');
INSERT INTO `menu_role` VALUES ('3', '1', '3', '1', '2018-05-25 15:26:38', '2018-05-25 15:26:40', '0');
INSERT INTO `menu_role` VALUES ('4', '1', '4', '1', '2018-05-25 15:26:38', '2018-05-25 15:26:40', '0');
INSERT INTO `menu_role` VALUES ('5', '1', '5', '1', '2018-05-25 15:26:38', '2018-05-25 15:26:40', '0');
INSERT INTO `menu_role` VALUES ('6', '1', '6', '1', '2018-05-25 15:26:38', '2018-05-25 15:26:40', '0');
INSERT INTO `menu_role` VALUES ('7', '1', '7', '1', '2018-05-25 15:26:38', '2018-05-25 15:26:40', '0');
INSERT INTO `menu_role` VALUES ('8', '1', '8', '1', '2018-05-25 15:26:38', '2018-05-25 15:26:40', '0');
INSERT INTO `menu_role` VALUES ('9', '1', '9', '1', '2018-05-25 15:26:38', '2018-05-25 15:26:40', '0');
INSERT INTO `menu_role` VALUES ('10', '1', '10', '1', '2018-05-25 15:26:38', '2018-05-25 15:26:40', '0');
INSERT INTO `menu_role` VALUES ('11', '1', '11', '1', '2018-05-25 15:26:38', '2018-05-25 15:26:40', '0');
INSERT INTO `menu_role` VALUES ('12', '1', '12', '1', '2018-05-25 15:26:38', '2018-05-25 15:26:40', '0');
INSERT INTO `menu_role` VALUES ('13', '1', '13', '1', '2018-05-25 15:26:38', '2018-05-25 15:26:40', '0');
INSERT INTO `menu_role` VALUES ('14', '1', '14', '1', '2018-05-25 15:26:38', '2018-05-25 15:26:40', '0');
INSERT INTO `menu_role` VALUES ('15', '1', '15', '1', '2018-05-25 15:26:38', '2018-05-25 15:26:40', '0');
INSERT INTO `menu_role` VALUES ('16', '1', '16', '1', '2018-05-25 15:26:38', '2018-05-25 15:26:40', '0');

-- ----------------------------
-- Table structure for project
-- ----------------------------
DROP TABLE IF EXISTS `project`;
CREATE TABLE `project` (
  `gid` bigint(22) NOT NULL AUTO_INCREMENT,
  `project_name` varchar(32) DEFAULT NULL COMMENT '项目名称',
  `name_en` varchar(32) DEFAULT NULL COMMENT '英文名称',
  `version` bigint(20) DEFAULT NULL COMMENT '版本',
  `create_time` datetime DEFAULT NULL,
  `update_time` datetime DEFAULT NULL,
  `status` int(2) DEFAULT NULL COMMENT '0.启用 1.禁用',
  PRIMARY KEY (`gid`)
) ENGINE=InnoDB AUTO_INCREMENT=4 DEFAULT CHARSET=utf8;

-- ----------------------------
-- Records of project
-- ----------------------------
INSERT INTO `project` VALUES ('1', '个人管理中心系统', 'person_center', '1', '2018-05-25 14:22:38', '2018-05-25 14:22:41', '0');
INSERT INTO `project` VALUES ('2', '邮件管理系统', 'email', '1', '2018-05-25 14:23:01', '2018-05-25 14:23:04', '0');
INSERT INTO `project` VALUES ('3', null, null, null, null, null, null);

-- ----------------------------
-- Table structure for role
-- ----------------------------
DROP TABLE IF EXISTS `role`;
CREATE TABLE `role` (
  `gid` bigint(22) NOT NULL AUTO_INCREMENT,
  `role_name` varchar(32) DEFAULT NULL COMMENT '角色名称(中文)',
  `role_name_en` varchar(32) DEFAULT NULL COMMENT '角色名称(英文)',
  `version` bigint(20) DEFAULT NULL COMMENT '版本',
  `create_time` datetime DEFAULT NULL,
  `update_time` datetime DEFAULT NULL,
  `status` int(2) DEFAULT NULL COMMENT '0.启用 1.禁用',
  PRIMARY KEY (`gid`)
) ENGINE=InnoDB AUTO_INCREMENT=10 DEFAULT CHARSET=utf8;

-- ----------------------------
-- Records of role
-- ----------------------------
INSERT INTO `role` VALUES ('1', '超级管理员', 'admin', '1', '2018-05-25 14:19:27', '2018-05-25 14:19:30', '0');
INSERT INTO `role` VALUES ('9', '游客', 'visitor', '1', '2018-05-25 14:20:16', '2018-05-25 14:20:19', '0');

-- ----------------------------
-- Table structure for time_line
-- ----------------------------
DROP TABLE IF EXISTS `time_line`;
CREATE TABLE `time_line` (
  `gid` bigint(22) NOT NULL AUTO_INCREMENT,
  `icon` varchar(32) DEFAULT NULL COMMENT '图标',
  `content` varchar(256) DEFAULT NULL COMMENT '操作内容',
  `create_user` varchar(32) DEFAULT NULL,
  `version` bigint(20) DEFAULT NULL COMMENT '版本',
  `create_time` datetime DEFAULT NULL,
  `update_time` datetime DEFAULT NULL,
  `status` int(2) DEFAULT NULL COMMENT '0.高兴事 1.伤心事,2.一般事',
  PRIMARY KEY (`gid`)
) ENGINE=InnoDB AUTO_INCREMENT=6 DEFAULT CHARSET=utf8;

-- ----------------------------
-- Records of time_line
-- ----------------------------
INSERT INTO `time_line` VALUES ('1', null, '做了一份关于例会的方案', 'admin', '1', '2018-05-28 15:53:36', '2018-05-28 15:53:38', '2');
INSERT INTO `time_line` VALUES ('2', null, '加了个班', 'admin', '1', '2018-05-28 15:55:19', '2018-05-28 15:55:29', '1');
INSERT INTO `time_line` VALUES ('3', null, '去空姐饭堂吃了个饭！', 'admin', '1', '2018-05-28 15:55:22', '2018-05-28 15:55:33', '0');
INSERT INTO `time_line` VALUES ('4', null, '修改了系统的文章： 《修改国内客票使用条件的通知》 的内容 …', 'admin', '1', '2018-05-28 15:55:26', '2018-05-28 15:55:36', '2');
INSERT INTO `time_line` VALUES ('5', null, '打了一天游戏,哈哈', 'admin', '1', '2018-05-27 15:55:42', '2018-05-28 15:55:46', '0');

-- ----------------------------
-- Table structure for user
-- ----------------------------
DROP TABLE IF EXISTS `user`;
CREATE TABLE `user` (
  `gid` bigint(22) NOT NULL AUTO_INCREMENT,
  `user_name` varchar(32) DEFAULT NULL,
  `password` varchar(64) DEFAULT NULL,
  `email` varchar(64) DEFAULT NULL,
  `role_id` bigint(22) DEFAULT NULL COMMENT '所属角色',
  `role_name` varchar(32) DEFAULT NULL COMMENT '角色名称',
  `create_time` datetime DEFAULT NULL,
  `update_time` datetime DEFAULT NULL,
  `login_time` datetime DEFAULT NULL,
  `status` int(11) DEFAULT NULL COMMENT '0.启用 1.禁用',
  PRIMARY KEY (`gid`)
) ENGINE=InnoDB AUTO_INCREMENT=3 DEFAULT CHARSET=utf8;

-- ----------------------------
-- Records of user
-- ----------------------------
INSERT INTO `user` VALUES ('1', 'admin', '98F6FAD709E28617CF0421CC885C484F', '1193418905@qq.com', '1', '超级管理员', '2018-05-24 17:49:26', '2018-05-24 17:49:30', '2018-05-29 18:21:37', '0');
INSERT INTO `user` VALUES ('2', 'flowyj', '984E31DA860A915FF23B5337F073F9C6', null, '1', null, null, null, '2018-05-29 17:00:02', '0');
